,0,1,2,3,4,5,6,7,8,9,10,11,12,13,14,15,16,17,18,19,20,21,22,23,24,25,26,27,28,29,30,31,32,33,34,35,36,37,38,39,40,41,42,43,44,45,46,47,48,49,50,51,52,53,54,55,56,57,58,59,60,61,62,63,64,65,66,67,68,69,70,71,72,73,74,75,76,77,78,79,80,81,82,83,84,85,86,87,88,89,90,91,92,93,94,95,96,97,98,99,100,101,102,103,104,105,106,107,108,109,110,111,112,113,114,115,116,117,118,119,120,121,122,123,124,125,126
0,1.0,0.213,0.236,0.05,0,0.098,0.168,0.064,0.11,0.129,0.028,0.193,0.269,0.061,0,0.26,0.285,0.301,0,0.041,0,0.161,0.136,0.093,0.116,0.05,0.195,0,0.111,0,0,0.092,0.08,0.055,0.035,0.065,0.106,0.085,0.072,0.116,0.13,0.158,0.163,0.129,0,0.028,0,0.042,0.044,0.082,0.031,0,0.033,0,0.121,0.103,0.07,0.025,0.027,0.073,0.068,0,0.093,0,0.093,0.075,0.071,0.246,0.242,0.224,0.567,0.065,0.054,0.138,0.041,0.163,0,0.071,0.07,0.231,0.021,0.049,0.134,0.082,0.156,0,0.058,0,0.033,0,0.15,0.041,0.139,0.069,0.081,0.06,0,0.052,0.237,0.175,0.053,0.037,0.051,0,0.023,0,0.042,0,0.041,0.022,0.066,0.036,0.047,0.067,0.049,0,0.076,0.068,0.016,0,0.074,0.082,0,0.166,0.088,0.074,0.053
1,0.08,1.0,0.142,0.092,0,0.038,0.085,0.044,0.031,0.023,0.011,0.055,0.093,0.042,0,0.045,0.036,0.034,0,0.006,0,0.042,0.034,0.045,0.041,0.011,0.183,0,0.115,0,0,0.023,0.024,0.02,0.027,0.022,0.02,0.011,0.0,0.023,0.025,0.04,0.043,0.0,0,0.028,0,0.012,0.004,0.017,0.023,0,0.0,0,0.063,0.043,0.07,0.031,0.038,0.049,0.038,0,0.031,0,0.02,0.082,0.049,0.077,0.032,0.02,0.015,0.0,0.018,0.073,0.0,0.018,0,0.004,0.0,0.097,0.0,0.024,0.103,0.051,0.085,0,0.031,0,0.022,0,0.025,0.0,0.041,0.023,0.049,0.03,0,0.0,0.079,0.048,0.04,0.049,0.051,0,0.023,0,0.0,0,0.018,0.011,0.031,0.017,0.028,0.022,0.016,0,0.033,0.019,0.016,0,0.059,0.041,0,0.038,0.029,0.045,0.07
2,0.367,0.585,1.0,0.252,0,0.19,0.292,0.137,0.28,0.167,0.189,0.436,0.509,0.174,0,0.552,0.586,0.699,0,0.098,0,0.271,0.188,0.159,0.162,0.071,0.183,0,0.212,0,0,0.153,0.128,0.161,0.142,0.222,0.263,0.101,0.13,0.302,0.155,0.243,0.37,0.226,0,0.0,0,0.066,0.102,0.206,0.085,0,0.082,0,0.201,0.187,0.14,0.136,0.146,0.16,0.161,0,0.14,0,0.142,0.24,0.166,0.615,0.613,0.602,0.254,0.022,0.108,0.252,0.122,0.207,0,0.096,0.047,0.334,0.188,0.073,0.229,0.146,0.329,0,0.083,0,0.12,0,0.192,0.077,0.18,0.138,0.14,0.083,0,0.01,0.711,0.19,0.13,0.131,0.082,0,0.114,0,0.049,0,0.029,0.054,0.066,0.033,0.076,0.247,0.098,0,0.171,0.191,0.0,0,0.123,0.163,0,0.406,0.191,0.175,0.263
3,0.008,0.038,0.025,1.0,0,0.035,0.051,0.02,0.029,0.03,0.061,0.033,0.009,0.009,0,0.013,0.016,0.0,0,0.013,0,0.016,0.01,0.016,0.012,0.0,0.0,0,0.034,0,0,0.031,0.048,0.023,0.062,0.038,0.025,0.005,0.188,0.0,0.006,0.011,0.011,0.0,0,0.0,0,0.01,0.0,0.028,0.008,0,0.0,0,0.011,0.01,0.0,0.006,0.0,0.017,0.019,0,0.005,0,0.017,0.041,0.02,0.015,0.0,0.0,0.0,0.0,0.0,0.033,0.0,0.011,0,0.004,0.0,0.008,0.0,0.0,0.017,0.0,0.006,0,0.005,0,0.022,0,0.0,0.0,0.009,0.0,0.008,0.008,0,0.0,0.0,0.032,0.013,0.012,0.01,0,0.0,0,0.0,0,0.006,0.0,0.005,0.005,0.003,0.0,0.016,0,0.043,0.006,0.0,0,0.008,0.02,0,0.026,0.026,0.068,0.386
4,0.0,0.0,0.0,0.0,0,0.0,0.0,0.0,0.0,0.0,0.0,0.0,0.0,0.0,0,0.0,0.0,0.0,0,0.0,0,0.0,0.0,0.0,0.0,0.0,0.0,0,0.0,0,0,0.0,0.0,0.0,0.0,0.0,0.0,0.0,0.0,0.0,0.0,0.0,0.0,0.0,0,0.0,0,0.0,0.0,0.0,0.0,0,0.0,0,0.0,0.0,0.0,0.0,0.0,0.0,0.0,0,0.0,0,0.0,0.0,0.0,0.0,0.0,0.0,0.0,0.0,0.0,0.0,0.0,0.0,0,0.0,0.0,0.0,0.0,0.0,0.0,0.0,0.0,0,0.0,0,0.0,0,0.0,0.0,0.0,0.0,0.0,0.0,0,0.0,0.0,0.0,0.0,0.0,0.0,0,0.0,0,0.0,0,0.0,0.0,0.0,0.0,0.0,0.0,0.0,0,0.0,0.0,0.0,0,0.0,0.0,0,0.0,0.0,0.0,0.0
5,0.199,0.206,0.249,0.454,0,1.0,0.324,0.249,0.276,0.227,0.294,0.409,0.259,0.268,0,0.198,0.197,0.192,0,0.203,0,0.213,0.223,0.175,0.186,0.198,0.232,0,0.183,0,0,0.321,0.336,0.289,0.239,0.373,0.374,0.404,0.551,0.116,0.106,0.189,0.261,0.355,0,0.083,0,0.227,0.191,0.347,0.434,0,0.459,0,0.279,0.311,0.421,0.642,0.222,0.191,0.286,0,0.283,0,0.252,0.411,0.374,0.185,0.185,0.173,0.164,0.087,0.135,0.447,0.286,0.33,0,0.221,0.093,0.196,0.125,0.122,0.206,0.196,0.232,0,0.126,0,0.228,0,0.317,0.225,0.177,0.223,0.158,0.271,0,0.052,0.211,0.238,0.18,0.204,0.204,0,0.205,0,0.154,0,0.07,0.076,0.142,0.093,0.155,0.258,0.279,0,0.495,0.278,0.143,0,0.19,0.082,0,0.217,0.281,0.403,0.298
6,0.147,0.199,0.164,0.286,0,0.139,1.0,0.112,0.112,0.106,0.072,0.343,0.139,0.106,0,0.106,0.082,0.075,0,0.052,0,0.079,0.114,0.103,0.102,0.057,0.293,0,0.332,0,0,0.092,0.088,0.087,0.058,0.114,0.116,0.101,0.145,0.07,0.062,0.103,0.065,0.032,0,0.028,0,0.056,0.071,0.073,0.101,0,0.082,0,0.155,0.104,0.158,0.117,0.076,0.122,0.097,0,0.081,0,0.094,0.13,0.099,0.077,0.024,0.01,0.075,0.022,0.072,0.22,0.143,0.217,0,0.075,0.233,0.217,0.333,0.049,0.169,0.247,0.241,0,0.094,0,0.196,0,0.133,0.101,0.114,0.162,0.122,0.075,0,0.0,0.053,0.048,0.106,0.086,0.092,0,0.068,0,0.063,0,0.07,0.141,0.091,0.081,0.06,0.056,0.131,0,0.11,0.068,0.063,0,0.133,0.184,0,0.119,0.079,0.151,0.175
7,0.113,0.206,0.154,0.227,0,0.215,0.225,1.0,0.315,0.235,0.233,0.055,0.111,0.361,0,0.168,0.112,0.068,0,0.165,0,0.165,0.091,0.219,0.175,0.247,0.317,0,0.298,0,0,0.107,0.072,0.316,0.093,0.178,0.076,0.053,0.101,0.209,0.124,0.241,0.163,0.065,0,0.472,0,0.272,0.204,0.271,0.388,0,0.377,0,0.289,0.292,0.421,0.228,0.762,0.469,0.322,0,0.264,0,0.313,0.404,0.35,0.169,0.056,0.061,0.045,0.0,0.09,0.195,0.163,0.018,0,0.096,0.535,0.245,0.146,0.122,0.131,0.329,0.162,0,0.339,0,0.413,0,0.208,0.716,0.187,0.285,0.545,0.376,0,0.052,0.105,0.159,0.747,1.0,0.959,0,0.864,0,0.441,0,0.363,0.772,0.344,0.321,0.323,0.371,0.59,0,0.224,0.469,0.254,0,0.365,0.612,0,0.106,0.268,0.317,0.14
8,0.069,0.052,0.114,0.118,0,0.086,0.081,0.113,1.0,0.023,0.206,0.105,0.065,0.093,0,0.242,0.23,0.199,0,0.086,0,0.097,0.045,0.047,0.053,0.04,0.122,0,0.043,0,0,0.244,0.272,0.215,0.239,0.432,0.152,0.027,0.058,0.14,0.217,0.379,0.109,0.129,0,0.0,0,0.03,0.036,0.107,0.085,0,0.066,0,0.04,0.062,0.018,0.049,0.103,0.035,0.1,0,0.043,0,0.049,0.068,0.073,0.092,0.129,0.092,0.045,0.022,0.018,0.049,0.041,0.033,0,0.042,0.023,0.111,0.021,0.0,0.017,0.025,0.026,0,0.02,0,0.043,0,0.067,0.041,0.241,0.085,0.068,0.045,0,0.042,0.263,0.032,0.103,0.114,0.214,0,0.114,0,0.007,0,0.012,0.011,0.035,0.014,0.054,0.169,0.016,0,0.067,0.173,0.016,0,0.05,0.0,0,0.223,0.104,0.067,0.105
9,0.022,0.01,0.019,0.034,0,0.019,0.021,0.023,0.006,1.0,0.017,0.006,0.037,0.026,0,0.005,0.005,0.0,0,0.026,0,0.015,0.035,0.016,0.018,0.026,0.024,0,0.029,0,0,0.008,0.04,0.008,0.013,0.011,0.015,0.011,0.043,0.0,0.006,0.004,0.022,0.065,0,0.028,0,0.05,0.04,0.034,0.008,0,0.0,0,0.039,0.02,0.035,0.012,0.016,0.052,0.04,0,0.026,0,0.035,0.089,0.053,0.015,0.008,0.0,0.015,0.109,0.072,0.024,0.0,0.004,0,0.025,0.0,0.019,0.0,0.024,0.022,0.006,0.053,0,0.019,0,0.011,0,0.075,0.095,0.009,0.054,0.07,0.023,0,0.0,0.0,1.0,0.037,0.033,0.02,0,0.068,0,0.042,0,0.012,0.087,0.027,0.017,0.025,0.0,0.115,0,0.024,0.006,0.0,0,0.032,0.0,0,0.017,0.027,0.038,0.018
10,0.007,0.007,0.029,0.092,0,0.034,0.019,0.031,0.077,0.023,1.0,0.05,0.019,0.038,0,0.012,0.011,0.007,0,0.051,0,0.021,0.019,0.018,0.013,0.008,0.0,0,0.01,0,0,0.069,0.104,0.055,0.27,0.13,0.045,0.011,0.058,0.07,0.0,0.031,0.065,0.032,0,0.0,0,0.022,0.031,0.181,0.016,0,0.016,0,0.008,0.017,0.0,0.006,0.022,0.017,0.057,0,0.01,0,0.031,0.068,0.04,0.0,0.008,0.0,0.0,0.0,0.0,0.016,0.0,0.014,0,0.004,0.0,0.011,0.0,0.0,0.006,0.0,0.006,0,0.008,0,0.011,0,0.025,0.03,0.016,0.031,0.008,0.015,0,0.0,0.026,0.0,0.025,0.02,0.0,0,0.023,0,0.0,0,0.0,0.011,0.016,0.012,0.051,0.022,0.049,0,0.038,0.006,0.0,0,0.011,0.0,0,0.04,0.055,0.057,0.018
11,0.046,0.035,0.067,0.05,0,0.048,0.093,0.007,0.039,0.008,0.05,1.0,0.019,0.002,0,0.023,0.027,0.021,0,0.012,0,0.015,0.056,0.02,0.02,0.001,0.0,0,0.029,0,0,0.031,0.048,0.009,0.04,0.049,0.096,0.027,0.043,0.0,0.006,0.007,0.0,0.0,0,0.0,0,0.004,0.0,0.011,0.0,0,0.0,0,0.023,0.008,0.0,0.0,0.0,0.0,0.004,0,0.01,0,0.006,0.007,0.0,0.0,0.024,0.0,0.0,0.0,0.0,0.203,0.102,0.199,0,0.029,0.0,0.036,0.0,0.0,0.011,0.0,0.003,0,0.005,0,0.0,0,0.0,0.0,0.009,0.023,0.005,0.0,0,0.0,0.026,0.0,0.005,0.0,0.0,0,0.0,0,0.0,0,0.0,0.0,0.009,0.0,0.006,0.022,0.0,0,0.005,0.006,0.0,0,0.004,0.0,0,0.049,0.009,0.015,0.053
12,0.038,0.035,0.046,0.008,0,0.018,0.022,0.009,0.015,0.03,0.011,0.011,1.0,0.025,0,0.082,0.11,0.116,0,0.017,0,0.03,0.014,0.023,0.016,0.006,0.012,0,0.005,0,0,0.061,0.024,0.023,0.013,0.049,0.04,0.037,0.014,0.0,0.006,0.025,0.011,0.0,0,0.028,0,0.018,0.027,0.008,0.008,0,0.0,0,0.007,0.017,0.0,0.012,0.005,0.007,0.008,0,0.01,0,0.019,0.014,0.028,0.262,0.194,0.133,0.03,0.022,0.009,0.008,0.02,0.007,0,0.008,0.0,0.064,0.021,0.0,0.011,0.032,0.05,0,0.009,0,0.022,0,0.033,0.0,0.022,0.0,0.018,0.015,0,0.0,0.132,0.048,0.007,0.012,0.02,0,0.0,0,0.014,0,0.012,0.0,0.008,0.007,0.009,0.067,0.016,0,0.033,0.074,0.0,0,0.01,0.02,0,0.061,0.018,0.019,0.035
13,0.071,0.129,0.129,0.067,0,0.152,0.139,0.237,0.17,0.174,0.183,0.011,0.204,1.0,0,0.18,0.189,0.233,0,0.147,0,0.126,0.094,0.105,0.117,0.268,0.28,0,0.226,0,0,0.122,0.088,0.203,0.111,0.103,0.076,0.037,0.0,0.233,0.037,0.135,0.12,0.065,0,0.583,0,0.175,0.271,0.158,0.256,0,0.197,0,0.25,0.264,0.421,0.284,0.205,0.274,0.121,0,0.228,0,0.155,0.144,0.176,0.262,0.25,0.224,0.06,0.13,0.045,0.179,0.0,0.007,0,0.062,0.326,0.147,0.333,0.463,0.125,0.259,0.138,0,0.32,0,0.457,0,0.117,0.183,0.101,0.215,0.34,0.308,0,0.01,0.316,0.222,0.231,0.196,0.459,0,0.409,0,0.406,0,0.374,0.413,0.238,0.28,0.218,0.303,0.361,0,0.248,0.29,0.46,0,0.301,0.061,0,0.116,0.153,0.157,0.035
14,0.0,0.0,0.0,0.0,0,0.0,0.0,0.0,0.0,0.0,0.0,0.0,0.0,0.0,0,0.0,0.0,0.0,0,0.0,0,0.0,0.0,0.0,0.0,0.0,0.0,0,0.0,0,0,0.0,0.0,0.0,0.0,0.0,0.0,0.0,0.0,0.0,0.0,0.0,0.0,0.0,0,0.0,0,0.0,0.0,0.0,0.0,0,0.0,0,0.0,0.0,0.0,0.0,0.0,0.0,0.0,0,0.0,0,0.0,0.0,0.0,0.0,0.0,0.0,0.0,0.0,0.0,0.0,0.0,0.0,0,0.0,0.0,0.0,0.0,0.0,0.0,0.0,0.0,0,0.0,0,0.0,0,0.0,0.0,0.0,0.0,0.0,0.0,0,0.0,0.0,0.0,0.0,0.0,0.0,0,0.0,0,0.0,0,0.0,0.0,0.0,0.0,0.0,0.0,0.0,0,0.0,0.0,0.0,0,0.0,0.0,0,0.0,0.0,0.0,0.0
15,0.203,0.094,0.277,0.067,0,0.076,0.094,0.075,0.299,0.023,0.039,0.077,0.454,0.122,0,1.0,0.767,0.836,0,0.035,0,0.168,0.064,0.094,0.083,0.033,0.073,0,0.058,0,0,0.153,0.128,0.138,0.062,0.205,0.182,0.053,0.029,0.07,0.193,0.329,0.109,0.065,0,0.0,0,0.016,0.027,0.042,0.155,0,0.164,0,0.045,0.113,0.053,0.049,0.065,0.028,0.032,0,0.109,0,0.069,0.048,0.071,0.8,0.782,0.786,0.09,0.022,0.036,0.065,0.02,0.04,0,0.05,0.023,0.305,0.042,0.073,0.033,0.044,0.038,0,0.034,0,0.043,0,0.05,0.006,0.218,0.046,0.055,0.09,0,0.031,0.632,0.048,0.09,0.073,0.112,0,0.068,0,0.021,0,0.012,0.011,0.044,0.026,0.032,0.247,0.033,0,0.033,0.191,0.016,0,0.04,0.02,0,0.445,0.112,0.059,0.07
16,0.136,0.045,0.18,0.05,0,0.046,0.045,0.031,0.174,0.015,0.022,0.055,0.37,0.078,0,0.47,1.0,0.76,0,0.025,0,0.11,0.048,0.065,0.051,0.018,0.024,0,0.038,0,0,0.061,0.048,0.076,0.04,0.146,0.121,0.016,0.029,0.023,0.099,0.144,0.076,0.0,0,0.0,0,0.01,0.013,0.014,0.085,0,0.049,0,0.011,0.07,0.018,0.043,0.022,0.017,0.025,0,0.05,0,0.036,0.014,0.036,0.662,0.831,0.867,0.03,0.0,0.018,0.033,0.0,0.014,0,0.033,0.0,0.193,0.021,0.024,0.029,0.006,0.032,0,0.008,0,0.022,0,0.017,0.012,0.101,0.015,0.008,0.038,0,0.01,0.658,0.032,0.023,0.02,0.02,0,0.0,0,0.007,0,0.006,0.0,0.011,0.002,0.009,0.191,0.0,0,0.048,0.148,0.0,0,0.015,0.0,0,0.324,0.082,0.03,0.07
17,0.058,0.017,0.086,0.0,0,0.018,0.016,0.007,0.06,0.0,0.006,0.017,0.157,0.039,0,0.205,0.304,1.0,0,0.008,0,0.057,0.036,0.027,0.021,0.007,0.0,0,0.0,0,0,0.023,0.024,0.023,0.004,0.032,0.081,0.005,0.0,0.0,0.019,0.041,0.033,0.0,0,0.0,0,0.006,0.009,0.003,0.031,0,0.016,0,0.008,0.031,0.0,0.0,0.005,0.0,0.0,0,0.031,0,0.011,0.0,0.01,0.369,0.395,0.449,0.03,0.022,0.045,0.016,0.0,0.011,0,0.013,0.0,0.065,0.0,0.024,0.01,0.006,0.009,0,0.003,0,0.0,0,0.008,0.0,0.022,0.008,0.0,0.023,0,0.0,0.289,0.0,0.008,0.004,0.0,0,0.0,0,0.0,0,0.0,0.0,0.0,0.0,0.006,0.112,0.0,0,0.014,0.074,0.0,0,0.007,0.0,0,0.158,0.036,0.008,0.035
18,0.007,0.021,0.007,0.0,0,0.001,0.003,0.001,0.0,0.0,0.0,0.006,0.0,0.003,0,0.002,0.0,0.0,0,0.002,0,0.005,0.004,0.003,0.002,0.003,0.0,0,0.0,0,0,0.008,0.008,0.001,0.009,0.0,0.005,0.0,0.0,0.0,0.0,0.0,0.0,0.0,0,0.028,0,0.002,0.004,0.0,0.0,0,0.0,0,0.001,0.008,0.0,0.0,0.0,0.003,0.0,0,0.0,0,0.001,0.0,0.0,0.0,0.0,0.0,0.0,0.0,0.0,0.0,0.0,0.0,0,0.004,0.0,0.005,0.0,0.0,0.006,0.0,0.009,0,0.002,0,0.0,0,0.0,0.0,0.0,0.0,0.0,0.0,0,0.0,0.0,0.0,0.002,0.0,0.0,0,0.0,0,0.0,0,0.006,0.0,0.003,0.002,0.0,0.0,0.0,0,0.0,0.0,0.0,0,0.003,0.0,0,0.002,0.001,0.001,0.0
19,0.071,0.028,0.109,0.143,0,0.172,0.102,0.162,0.234,0.258,0.372,0.088,0.213,0.221,0,0.077,0.09,0.068,0,1.0,0,0.125,0.241,0.123,0.151,0.39,0.098,0,0.111,0,0,0.588,0.504,0.305,0.465,0.47,0.21,0.255,0.203,0.116,0.025,0.117,0.141,0.323,0,0.944,0,0.624,0.604,0.257,0.07,0,0.033,0,0.171,0.193,0.105,0.167,0.065,0.201,0.21,0,0.19,0,0.182,0.096,0.142,0.077,0.065,0.051,0.03,0.413,0.441,0.13,0.735,0.127,0,0.158,0.372,0.052,0.312,0.244,0.093,0.19,0.1,0,0.282,0,0.25,0,0.183,0.189,0.104,0.123,0.244,0.135,0,0.01,0.053,0.365,0.17,0.106,0.153,0,0.068,0,0.378,0,0.444,0.12,0.288,0.328,0.304,0.258,0.23,0,0.333,0.111,0.143,0,0.203,0.041,0,0.169,0.252,0.246,0.088
20,0.0,0.0,0.0,0.0,0,0.0,0.0,0.0,0.0,0.0,0.0,0.0,0.0,0.0,0,0.0,0.0,0.0,0,0.0,0,0.0,0.0,0.0,0.0,0.0,0.0,0,0.0,0,0,0.0,0.0,0.0,0.0,0.0,0.0,0.0,0.0,0.0,0.0,0.0,0.0,0.0,0,0.0,0,0.0,0.0,0.0,0.0,0,0.0,0,0.0,0.0,0.0,0.0,0.0,0.0,0.0,0,0.0,0,0.0,0.0,0.0,0.0,0.0,0.0,0.0,0.0,0.0,0.0,0.0,0.0,0,0.0,0.0,0.0,0.0,0.0,0.0,0.0,0.0,0,0.0,0,0.0,0,0.0,0.0,0.0,0.0,0.0,0.0,0,0.0,0.0,0.0,0.0,0.0,0.0,0,0.0,0,0.0,0,0.0,0.0,0.0,0.0,0.0,0.0,0.0,0,0.0,0.0,0.0,0,0.0,0.0,0,0.0,0.0,0.0,0.0
21,0.232,0.16,0.25,0.151,0,0.151,0.13,0.135,0.22,0.129,0.128,0.088,0.306,0.157,0,0.309,0.332,0.432,0,0.104,0,1.0,0.136,0.197,0.147,0.117,0.11,0,0.096,0,0,0.168,0.168,0.136,0.199,0.184,0.134,0.117,0.159,0.163,0.236,0.203,0.207,0.355,0,0.028,0,0.093,0.12,0.169,0.093,0,0.164,0,0.105,0.147,0.07,0.167,0.151,0.111,0.155,0,0.138,0,0.113,0.151,0.107,0.308,0.427,0.439,0.299,0.152,0.18,0.106,0.041,0.087,0,0.129,0.023,0.161,0.146,0.049,0.133,0.127,0.15,0,0.066,0,0.109,0,0.242,0.089,0.225,0.115,0.088,0.098,0,0.292,0.395,0.127,0.133,0.078,0.133,0,0.023,0,0.063,0,0.058,0.065,0.07,0.078,0.085,0.101,0.098,0,0.162,0.074,0.063,0,0.101,0.082,0,0.22,0.158,0.134,0.281
22,0.253,0.171,0.225,0.118,0,0.204,0.243,0.097,0.133,0.379,0.15,0.442,0.185,0.151,0,0.153,0.186,0.349,0,0.26,0,0.176,1.0,0.132,0.177,0.25,0.171,0,0.188,0,0,0.412,0.456,0.16,0.15,0.184,0.389,0.229,0.145,0.233,0.031,0.09,0.217,0.484,0,0.194,0,0.282,0.311,0.201,0.047,0,0.033,0,0.225,0.198,0.193,0.148,0.038,0.177,0.117,0,0.181,0,0.173,0.116,0.134,0.215,0.21,0.224,0.045,1.0,0.937,0.309,0.327,0.533,0,0.175,0.116,0.188,0.188,0.0,0.212,0.386,0.232,0,0.145,0,0.207,0,0.108,0.107,0.098,0.146,0.171,0.098,0,0.01,0.105,0.46,0.095,0.078,0.082,0,0.0,0,0.133,0,0.146,0.076,0.136,0.105,0.18,0.191,0.066,0,0.176,0.105,0.016,0,0.141,0.143,0,0.315,0.167,0.171,0.035
23,0.181,0.23,0.199,0.202,0,0.167,0.229,0.242,0.145,0.174,0.15,0.166,0.315,0.176,0,0.233,0.263,0.274,0,0.138,0,0.266,0.138,1.0,0.22,0.146,0.159,0,0.221,0,0,0.092,0.072,0.183,0.075,0.162,0.157,0.34,0.406,0.186,0.23,0.245,0.098,0.226,0,0.167,0,0.207,0.244,0.218,0.264,0,0.328,0,0.217,0.19,0.158,0.068,0.362,0.229,0.258,0,0.202,0,0.231,0.24,0.292,0.338,0.331,0.296,0.269,0.13,0.153,0.171,0.184,0.141,0,0.104,0.186,0.277,0.25,0.22,0.219,0.152,0.238,0,0.226,0,0.141,0,0.2,0.302,0.247,0.192,0.197,0.278,0,0.125,0.105,0.175,0.304,0.31,0.276,0,0.25,0,0.203,0,0.251,0.304,0.241,0.273,0.196,0.191,0.197,0,0.252,0.29,0.238,0,0.226,0.327,0,0.173,0.202,0.215,0.193
24,0.721,0.669,0.648,0.479,0,0.568,0.723,0.62,0.523,0.636,0.35,0.53,0.694,0.628,0,0.659,0.666,0.678,0,0.543,0,0.636,0.59,0.704,1.0,0.648,0.61,0,0.716,0,0,0.496,0.472,0.579,0.35,0.486,0.581,0.739,0.594,0.558,0.671,0.638,0.554,0.645,0,0.694,0,0.592,0.662,0.537,0.62,0,0.607,0,0.687,0.629,0.667,0.512,0.476,0.715,0.636,0,0.639,0,0.659,0.596,0.625,0.631,0.685,0.673,0.597,0.652,0.667,0.642,0.816,0.674,0,0.608,0.721,0.745,0.667,0.659,0.642,0.709,0.676,0,0.669,0,0.598,0,0.633,0.669,0.608,0.662,0.699,0.647,0,0.656,0.5,0.587,0.619,0.69,0.684,0,0.659,0,0.671,0,0.801,0.707,0.694,0.717,0.563,0.584,0.705,0,0.61,0.642,0.81,0,0.638,0.551,0,0.574,0.564,0.594,0.474
25,0.047,0.028,0.043,0.0,0,0.092,0.061,0.133,0.06,0.144,0.033,0.006,0.037,0.22,0,0.04,0.036,0.034,0,0.213,0,0.077,0.127,0.071,0.099,1.0,0.085,0,0.101,0,0,0.229,0.216,0.14,0.04,0.054,0.058,0.027,0.014,0.163,0.006,0.067,0.054,0.194,0,0.583,0,0.328,0.364,0.051,0.132,0,0.18,0,0.177,0.174,0.228,0.185,0.076,0.149,0.072,0,0.192,0,0.127,0.068,0.087,0.046,0.016,0.0,0.015,0.5,0.378,0.057,0.082,0.014,0,0.075,0.395,0.041,0.208,0.341,0.073,0.247,0.088,0,0.298,0,0.217,0,0.075,0.13,0.044,0.077,0.216,0.226,0,0.0,0.0,0.254,0.145,0.11,0.204,0,0.114,0,0.434,0,0.497,0.098,0.222,0.295,0.168,0.202,0.23,0,0.143,0.136,0.556,0,0.203,0.0,0,0.084,0.103,0.121,0.0
26,0.021,0.052,0.013,0.0,0,0.012,0.036,0.019,0.021,0.015,0.0,0.0,0.009,0.026,0,0.01,0.005,0.0,0,0.006,0,0.008,0.01,0.009,0.011,0.01,1.0,0,0.082,0,0,0.015,0.0,0.008,0.0,0.011,0.0,0.005,0.0,0.0,0.0,0.016,0.0,0.0,0,0.0,0,0.024,0.013,0.003,0.008,0,0.016,0,0.032,0.027,0.088,0.006,0.011,0.021,0.004,0,0.012,0,0.012,0.014,0.014,0.0,0.0,0.0,0.0,0.0,0.009,0.008,0.0,0.0,0,0.004,0.326,0.027,0.104,0.024,0.012,0.032,0.021,0,0.027,0,0.033,0,0.017,0.0,0.013,0.046,0.029,0.015,0,0.0,0.026,0.016,0.015,0.004,0.031,0,0.045,0,0.014,0,0.012,0.0,0.02,0.012,0.003,0.011,0.0,0,0.014,0.006,0.032,0,0.039,0.0,0,0.005,0.003,0.009,0.0
27,0.004,0.003,0.001,0.0,0,0.001,0.006,0.003,0.004,0.0,0.0,0.0,0.0,0.001,0,0.0,0.0,0.0,0,0.0,0,0.001,0.0,0.0,0.001,0.001,0.073,0,0.01,0,0,0.0,0.0,0.001,0.0,0.0,0.0,0.0,0.0,0.0,0.0,0.0,0.0,0.0,0,0.0,0,0.0,0.0,0.0,0.0,0,0.0,0,0.003,0.003,0.018,0.0,0.005,0.0,0.0,0,0.0,0,0.001,0.0,0.0,0.0,0.0,0.0,0.0,0.0,0.0,0.0,0.0,0.0,0,0.0,0.023,0.001,0.0,0.0,0.003,0.006,0.003,0,0.003,0,0.0,0,0.0,0.0,0.0,0.008,0.003,0.0,0,0.0,0.0,0.0,0.002,0.004,0.0,0,0.0,0,0.0,0,0.0,0.0,0.003,0.002,0.0,0.0,0.0,0,0.0,0.0,0.016,0,0.004,0.0,0,0.0,0.0,0.0,0.0
28,0.03,0.084,0.037,0.059,0,0.024,0.103,0.046,0.019,0.045,0.011,0.033,0.009,0.053,0,0.02,0.022,0.0,0,0.017,0,0.018,0.027,0.031,0.031,0.029,0.207,0,1.0,0,0,0.015,0.008,0.023,0.0,0.011,0.015,0.0,0.043,0.023,0.012,0.018,0.0,0.0,0,0.056,0,0.034,0.031,0.011,0.023,0,0.016,0,0.061,0.03,0.018,0.012,0.027,0.062,0.023,0,0.024,0,0.031,0.014,0.02,0.046,0.008,0.01,0.0,0.0,0.027,0.024,0.0,0.004,0,0.004,0.233,0.055,0.083,0.122,0.064,0.114,0.121,0,0.051,0,0.109,0,0.008,0.03,0.019,0.031,0.062,0.038,0,0.0,0.0,0.032,0.042,0.037,0.02,0,0.023,0,0.063,0,0.088,0.033,0.035,0.024,0.038,0.045,0.082,0,0.043,0.006,0.048,0,0.074,0.061,0,0.018,0.024,0.034,0.0
29,0.001,0.01,0.003,0.034,0,0.004,0.01,0.004,0.01,0.008,0.011,0.006,0.0,0.003,0,0.003,0.003,0.0,0,0.002,0,0.0,0.002,0.001,0.002,0.001,0.024,0,0.024,0,0,0.008,0.016,0.005,0.009,0.011,0.003,0.0,0.014,0.0,0.0,0.005,0.011,0.0,0,0.0,0,0.0,0.004,0.003,0.008,0,0.016,0,0.004,0.002,0.0,0.0,0.005,0.003,0.002,0,0.0,0,0.002,0.007,0.004,0.015,0.0,0.0,0.0,0.0,0.0,0.0,0.0,0.0,0,0.0,0.023,0.009,0.0,0.0,0.002,0.0,0.0,0,0.0,0,0.0,0,0.0,0.0,0.0,0.008,0.005,0.0,0,0.0,0.0,0.0,0.003,0.0,0.0,0,0.0,0,0.0,0,0.0,0.0,0.004,0.002,0.0,0.0,0.0,0,0.0,0.006,0.0,0,0.001,0.0,0,0.003,0.003,0.005,0.0
30,0.001,0.0,0.003,0.0,0,0.001,0.0,0.0,0.0,0.0,0.0,0.0,0.0,0.003,0,0.0,0.0,0.0,0,0.0,0,0.0,0.001,0.001,0.0,0.001,0.0,0,0.0,0,0,0.0,0.0,0.003,0.0,0.0,0.0,0.0,0.0,0.07,0.0,0.0,0.033,0.0,0,0.0,0,0.0,0.0,0.006,0.0,0,0.0,0,0.001,0.002,0.0,0.0,0.011,0.0,0.0,0,0.002,0,0.0,0.0,0.0,0.0,0.0,0.0,0.0,0.0,0.0,0.0,0.0,0.0,0,0.008,0.0,0.0,0.0,0.0,0.0,0.0,0.0,0,0.003,0,0.0,0,0.0,0.0,0.0,0.0,0.0,0.008,0,0.0,0.0,0.0,0.0,0.0,0.0,0,0.0,0,0.0,0,0.0,0.0,0.0,0.0,0.009,0.022,0.0,0,0.0,0.006,0.0,0,0.002,0.0,0,0.0,0.003,0.0,0.0
31,0.016,0.01,0.017,0.034,0,0.027,0.018,0.01,0.066,0.008,0.05,0.022,0.074,0.018,0,0.034,0.022,0.021,0,0.058,0,0.02,0.038,0.008,0.014,0.042,0.024,0,0.01,0,0,1.0,0.48,0.051,0.084,0.13,0.061,0.011,0.0,0.093,0.006,0.022,0.054,0.032,0,0.028,0,0.068,0.089,0.037,0.023,0,0.016,0,0.013,0.016,0.018,0.031,0.005,0.007,0.023,0,0.017,0,0.012,0.007,0.012,0.015,0.016,0.02,0.0,0.065,0.108,0.0,0.02,0.004,0,0.025,0.0,0.013,0.0,0.0,0.006,0.025,0.015,0,0.005,0,0.011,0,0.017,0.0,0.019,0.008,0.01,0.023,0,0.01,0.026,0.016,0.01,0.004,0.0,0,0.0,0,0.007,0,0.0,0.0,0.019,0.005,0.041,0.022,0.0,0,0.024,0.012,0.0,0,0.004,0.0,0,0.055,0.033,0.034,0.053
32,0.013,0.01,0.013,0.05,0,0.027,0.016,0.007,0.071,0.038,0.072,0.033,0.028,0.013,0,0.027,0.016,0.021,0,0.048,0,0.019,0.04,0.006,0.012,0.037,0.0,0,0.005,0,0,0.458,1.0,0.045,0.115,0.157,0.078,0.011,0.014,0.093,0.0,0.018,0.076,0.065,0,0.0,0,0.038,0.04,0.042,0.023,0,0.016,0,0.007,0.014,0.018,0.025,0.005,0.0,0.021,0,0.019,0,0.01,0.014,0.01,0.031,0.008,0.01,0.0,0.174,0.153,0.0,0.02,0.011,0,0.021,0.0,0.01,0.0,0.0,0.004,0.019,0.003,0,0.008,0,0.022,0,0.025,0.0,0.009,0.008,0.008,0.023,0,0.0,0.026,0.016,0.005,0.004,0.0,0,0.0,0,0.007,0,0.0,0.0,0.019,0.01,0.028,0.034,0.0,0,0.024,0.012,0.0,0,0.004,0.0,0,0.07,0.025,0.028,0.07
33,0.063,0.059,0.117,0.168,0,0.161,0.112,0.204,0.386,0.053,0.267,0.044,0.185,0.2,0,0.2,0.181,0.137,0,0.2,0,0.108,0.097,0.107,0.106,0.168,0.085,0,0.096,0,0,0.336,0.312,1.0,0.239,0.476,0.146,0.08,0.072,0.233,0.161,0.243,0.185,0.129,0,0.111,0,0.163,0.222,0.186,0.636,0,0.738,0,0.111,0.174,0.105,0.241,0.124,0.135,0.22,0,0.209,0,0.166,0.178,0.208,0.246,0.145,0.122,0.03,0.043,0.108,0.065,0.041,0.018,0,0.129,0.209,0.145,0.146,0.098,0.038,0.095,0.05,0,0.117,0,0.109,0,0.092,0.166,0.193,0.192,0.143,0.271,0,0.031,0.079,0.0,0.123,0.204,0.398,0,0.295,0,0.112,0,0.094,0.076,0.138,0.124,0.206,0.764,0.164,0,0.152,0.741,0.159,0,0.123,0.0,0,0.202,0.23,0.234,0.123
34,0.01,0.021,0.027,0.118,0,0.035,0.019,0.016,0.112,0.023,0.339,0.05,0.028,0.028,0,0.023,0.025,0.007,0,0.08,0,0.041,0.024,0.011,0.017,0.012,0.0,0,0.0,0,0,0.145,0.208,0.062,1.0,0.184,0.066,0.032,0.029,0.093,0.006,0.029,0.065,0.0,0,0.0,0,0.012,0.022,0.093,0.016,0,0.0,0,0.003,0.012,0.0,0.012,0.016,0.007,0.07,0,0.005,0,0.017,0.027,0.024,0.015,0.024,0.01,0.015,0.0,0.0,0.033,0.041,0.033,0,0.017,0.0,0.003,0.0,0.0,0.008,0.0,0.006,0,0.006,0,0.022,0,0.083,0.0,0.041,0.008,0.013,0.0,0,0.01,0.026,0.016,0.008,0.004,0.0,0,0.0,0,0.007,0,0.0,0.0,0.023,0.01,0.035,0.034,0.033,0,0.038,0.006,0.0,0,0.007,0.0,0,0.064,0.065,0.053,0.14
35,0.016,0.014,0.035,0.059,0,0.044,0.031,0.025,0.166,0.015,0.133,0.05,0.083,0.022,0,0.064,0.074,0.041,0,0.066,0,0.031,0.024,0.02,0.019,0.014,0.024,0,0.01,0,0,0.183,0.232,0.102,0.15,1.0,0.121,0.165,0.029,0.093,0.006,0.052,0.12,0.065,0,0.0,0,0.05,0.044,0.073,0.016,0,0.0,0,0.008,0.022,0.018,0.037,0.032,0.024,0.076,0,0.017,0,0.02,0.021,0.047,0.062,0.048,0.041,0.045,0.0,0.0,0.008,0.102,0.036,0,0.017,0.0,0.03,0.042,0.0,0.013,0.025,0.021,0,0.017,0,0.043,0,0.083,0.018,0.019,0.008,0.016,0.023,0,0.0,0.026,0.016,0.015,0.024,0.031,0,0.0,0,0.0,0,0.0,0.0,0.026,0.012,0.032,0.135,0.0,0,0.081,0.049,0.0,0,0.014,0.0,0,0.111,0.057,0.052,0.105
36,0.055,0.028,0.088,0.084,0,0.095,0.069,0.022,0.124,0.045,0.1,0.21,0.148,0.034,0,0.121,0.132,0.219,0,0.063,0,0.048,0.108,0.042,0.049,0.032,0.0,0,0.029,0,0,0.183,0.248,0.067,0.115,0.259,1.0,0.282,0.087,0.07,0.037,0.054,0.109,0.161,0,0.0,0,0.04,0.022,0.079,0.016,0,0.016,0,0.04,0.046,0.0,0.056,0.011,0.014,0.049,0,0.031,0,0.027,0.027,0.024,0.169,0.113,0.071,0.045,0.043,0.045,0.195,0.143,0.167,0,0.029,0.023,0.05,0.021,0.024,0.04,0.013,0.032,0,0.023,0,0.022,0,0.117,0.018,0.044,0.023,0.023,0.015,0,0.0,0.105,0.048,0.012,0.008,0.0,0,0.023,0,0.021,0,0.006,0.0,0.024,0.01,0.038,0.124,0.0,0,0.1,0.049,0.0,0,0.02,0.0,0,0.21,0.053,0.05,0.07
37,0.021,0.007,0.016,0.008,0,0.049,0.028,0.007,0.01,0.015,0.011,0.028,0.065,0.008,0,0.017,0.008,0.007,0,0.036,0,0.02,0.03,0.043,0.029,0.007,0.012,0,0.0,0,0,0.015,0.016,0.017,0.027,0.168,0.134,1.0,0.116,0.0,0.006,0.007,0.0,0.258,0,0.0,0,0.034,0.013,0.017,0.0,0,0.0,0,0.018,0.024,0.0,0.006,0.005,0.017,0.034,0,0.014,0,0.021,0.0,0.042,0.015,0.008,0.0,0.03,0.0,0.0,0.024,0.367,0.138,0,0.021,0.0,0.032,0.0,0.0,0.035,0.019,0.032,0,0.012,0,0.011,0,0.175,0.018,0.013,0.008,0.008,0.023,0,0.0,0.0,0.032,0.003,0.02,0.0,0,0.0,0,0.0,0,0.0,0.011,0.008,0.005,0.006,0.045,0.0,0,0.1,0.012,0.0,0,0.009,0.0,0,0.026,0.02,0.021,0.035
38,0.007,0.0,0.008,0.109,0,0.024,0.015,0.005,0.008,0.023,0.022,0.017,0.009,0.0,0,0.003,0.005,0.0,0,0.011,0,0.01,0.007,0.019,0.009,0.001,0.0,0,0.014,0,0,0.0,0.008,0.006,0.009,0.011,0.015,0.043,1.0,0.0,0.0,0.004,0.0,0.065,0,0.0,0,0.006,0.0,0.011,0.0,0,0.0,0,0.012,0.008,0.0,0.006,0.005,0.003,0.006,0,0.01,0,0.008,0.007,0.014,0.0,0.0,0.0,0.015,0.0,0.0,0.0,0.02,0.004,0,0.004,0.0,0.0,0.0,0.0,0.03,0.0,0.012,0,0.002,0,0.0,0,0.033,0.0,0.006,0.0,0.005,0.0,0,0.0,0.0,0.016,0.0,0.0,0.0,0,0.0,0,0.0,0,0.006,0.0,0.003,0.002,0.0,0.0,0.0,0,0.048,0.0,0.0,0,0.004,0.0,0,0.008,0.01,0.02,0.158
39,0.007,0.003,0.011,0.0,0,0.003,0.004,0.007,0.012,0.0,0.017,0.0,0.0,0.011,0,0.005,0.003,0.0,0,0.004,0,0.006,0.007,0.005,0.005,0.01,0.0,0,0.005,0,0,0.031,0.032,0.012,0.018,0.022,0.008,0.0,0.0,1.0,0.0,0.004,0.38,0.0,0,0.0,0,0.0,0.0,0.051,0.031,0,0.033,0,0.004,0.011,0.018,0.006,0.049,0.003,0.013,0,0.005,0,0.007,0.0,0.008,0.0,0.0,0.0,0.0,0.0,0.0,0.0,0.0,0.0,0,0.004,0.0,0.001,0.0,0.0,0.002,0.0,0.003,0,0.019,0,0.0,0,0.0,0.0,0.006,0.0,0.0,0.015,0,0.0,0.0,0.0,0.0,0.008,0.0,0,0.0,0,0.0,0,0.0,0.0,0.005,0.0,0.047,0.022,0.0,0,0.0,0.006,0.016,0,0.009,0.0,0,0.012,0.018,0.006,0.0
40,0.028,0.014,0.021,0.008,0,0.011,0.015,0.015,0.073,0.008,0.0,0.006,0.009,0.007,0,0.052,0.044,0.021,0,0.003,0,0.035,0.004,0.025,0.023,0.001,0.0,0,0.01,0,0,0.008,0.0,0.03,0.004,0.005,0.015,0.005,0.0,0.0,1.0,0.119,0.0,0.0,0,0.0,0,0.002,0.004,0.0,0.008,0,0.0,0,0.003,0.01,0.0,0.0,0.022,0.0,0.0,0,0.01,0,0.014,0.007,0.008,0.015,0.024,0.02,0.0,0.0,0.0,0.0,0.0,0.004,0,0.0,0.0,0.025,0.0,0.0,0.004,0.0,0.0,0,0.003,0,0.0,0,0.0,0.006,0.139,0.008,0.008,0.015,0,1.0,0.079,0.0,0.012,0.008,0.01,0,0.0,0,0.0,0,0.0,0.0,0.008,0.002,0.013,0.011,0.0,0,0.005,0.006,0.0,0,0.007,0.0,0,0.024,0.013,0.004,0.0
41,0.115,0.077,0.114,0.05,0,0.068,0.085,0.1,0.438,0.015,0.094,0.022,0.13,0.085,0,0.307,0.219,0.158,0,0.049,0,0.103,0.035,0.092,0.075,0.051,0.11,0,0.048,0,0,0.092,0.08,0.156,0.071,0.157,0.076,0.021,0.029,0.047,0.41,1.0,0.098,0.129,0,0.0,0,0.014,0.031,0.065,0.085,0,0.066,0,0.039,0.081,0.0,0.043,0.059,0.038,0.061,0,0.076,0,0.068,0.041,0.061,0.169,0.177,0.163,0.06,0.0,0.0,0.041,0.0,0.011,0,0.033,0.0,0.186,0.042,0.024,0.02,0.025,0.032,0,0.041,0,0.033,0,0.067,0.03,0.43,0.069,0.065,0.113,0,0.219,0.211,0.0,0.101,0.127,0.194,0,0.182,0,0.014,0,0.012,0.011,0.062,0.031,0.028,0.09,0.0,0,0.043,0.148,0.0,0,0.051,0.0,0,0.167,0.079,0.043,0.018
42,0.02,0.014,0.029,0.008,0,0.015,0.009,0.011,0.021,0.015,0.033,0.0,0.009,0.013,0,0.017,0.019,0.021,0,0.01,0,0.017,0.014,0.006,0.011,0.007,0.0,0,0.0,0,0,0.038,0.056,0.02,0.027,0.059,0.025,0.0,0.0,0.814,0.0,0.016,1.0,0.0,0,0.0,0,0.004,0.004,0.068,0.023,0,0.016,0,0.008,0.017,0.0,0.012,0.043,0.01,0.023,0,0.007,0,0.01,0.021,0.014,0.0,0.0,0.02,0.0,0.0,0.009,0.0,0.0,0.0,0,0.008,0.0,0.009,0.021,0.0,0.003,0.0,0.009,0,0.014,0,0.0,0,0.0,0.006,0.013,0.0,0.003,0.015,0,0.0,0.026,0.0,0.002,0.004,0.01,0,0.0,0,0.0,0,0.0,0.0,0.009,0.002,0.038,0.034,0.0,0,0.0,0.006,0.0,0,0.01,0.0,0,0.029,0.027,0.013,0.018
43,0.005,0.0,0.006,0.0,0,0.007,0.001,0.001,0.008,0.015,0.006,0.0,0.0,0.002,0,0.003,0.0,0.0,0,0.008,0,0.01,0.011,0.005,0.004,0.008,0.0,0,0.0,0,0,0.008,0.016,0.005,0.0,0.011,0.013,0.043,0.029,0.0,0.0,0.007,0.0,1.0,0,0.0,0,0.01,0.018,0.008,0.0,0,0.0,0,0.007,0.007,0.0,0.0,0.0,0.003,0.002,0,0.002,0,0.006,0.0,0.0,0.0,0.0,0.0,0.015,0.087,0.072,0.0,0.0,0.0,0,0.0,0.0,0.004,0.0,0.0,0.007,0.019,0.003,0,0.005,0,0.0,0,0.033,0.0,0.003,0.008,0.008,0.0,0,0.0,0.0,0.016,0.002,0.004,0.0,0,0.0,0,0.0,0,0.0,0.0,0.001,0.0,0.0,0.0,0.0,0,0.024,0.0,0.0,0,0.006,0.0,0,0.003,0.004,0.003,0.018
44,0.0,0.0,0.0,0.0,0,0.001,0.0,0.0,0.002,0.0,0.0,0.0,0.0,0.0,0,0.0,0.0,0.0,0,0.002,0,0.0,0.0,0.0,0.0,0.001,0.0,0,0.0,0,0,0.0,0.0,0.001,0.0,0.0,0.0,0.0,0.0,0.0,0.0,0.0,0.0,0.0,0,0.028,0,0.002,0.004,0.0,0.0,0,0.0,0,0.001,0.001,0.0,0.0,0.0,0.0,0.0,0,0.005,0,0.0,0.0,0.0,0.0,0.0,0.0,0.0,0.0,0.0,0.0,0.0,0.0,0,0.0,0.0,0.0,0.0,0.049,0.0,0.0,0.0,0,0.002,0,0.0,0,0.0,0.0,0.0,0.0,0.0,0.008,0,0.0,0.0,0.0,0.0,0.0,0.0,0,0.0,0,0.0,0,0.0,0.0,0.001,0.0,0.003,0.0,0.0,0,0.0,0.006,0.0,0,0.0,0.0,0,0.0,0.0,0.0,0.0
45,0.001,0.003,0.0,0.0,0,0.002,0.001,0.013,0.0,0.008,0.0,0.0,0.009,0.024,0,0.0,0.0,0.0,0,0.026,0,0.001,0.005,0.004,0.005,0.029,0.0,0,0.01,0,0,0.008,0.0,0.005,0.0,0.0,0.0,0.0,0.0,0.0,0.0,0.0,0.0,0.0,0,1.0,0,0.046,0.067,0.003,0.0,0,0.0,0,0.023,0.008,0.0,0.006,0.005,0.014,0.0,0,0.012,0,0.007,0.0,0.004,0.0,0.0,0.0,0.0,0.0,0.0,0.008,0.0,0.0,0,0.0,0.0,0.001,0.0,0.024,0.006,0.0,0.006,0,0.047,0,0.011,0,0.0,0.024,0.0,0.031,0.013,0.0,0,0.0,0.0,0.0,0.017,0.012,0.0,0,0.0,0,0.084,0,0.123,0.011,0.038,0.059,0.019,0.0,0.0,0,0.005,0.006,0.016,0,0.019,0.0,0,0.002,0.006,0.008,0.0
46,0.0,0.0,0.001,0.0,0,0.0,0.003,0.003,0.0,0.0,0.0,0.0,0.0,0.001,0,0.0,0.0,0.0,0,0.005,0,0.001,0.001,0.001,0.001,0.008,0.012,0,0.005,0,0,0.0,0.0,0.001,0.0,0.0,0.0,0.0,0.0,0.0,0.0,0.0,0.0,0.0,0,0.0,0,0.012,0.018,0.0,0.0,0,0.0,0,0.0,0.001,0.0,0.0,0.0,0.003,0.0,0,0.0,0,0.001,0.0,0.0,0.0,0.0,0.0,0.0,0.0,0.0,0.0,0.0,0.0,0,0.0,0.0,0.0,0.0,0.0,0.0,0.0,0.0,0,0.0,0,0.0,0,0.0,0.0,0.0,0.0,0.0,0.0,0,0.0,0.0,0.0,0.002,0.0,0.0,0,0.0,0,0.0,0,0.0,0.0,0.0,0.0,0.0,0.0,0.0,0,0.0,0.0,0.0,0,0.0,0.0,0,0.0,0.001,0.0,0.0
47,0.028,0.021,0.028,0.042,0,0.073,0.042,0.102,0.031,0.189,0.061,0.011,0.083,0.1,0,0.013,0.014,0.021,0,0.238,0,0.043,0.1,0.07,0.063,0.229,0.146,0,0.082,0,0,0.26,0.152,0.095,0.027,0.135,0.051,0.09,0.043,0.0,0.006,0.013,0.022,0.161,0,0.639,0,1.0,0.507,0.085,0.0,0,0.0,0,0.135,0.102,0.053,0.068,0.038,0.115,0.066,0,0.097,0,0.117,0.062,0.123,0.046,0.032,0.02,0.03,0.13,0.261,0.041,0.286,0.025,0,0.033,0.837,0.025,0.146,0.146,0.058,0.082,0.079,0,0.112,0,0.076,0,0.075,0.124,0.028,0.077,0.21,0.06,0,0.0,0.0,0.397,0.128,0.065,0.02,0,0.023,0,0.14,0,0.135,0.065,0.09,0.088,0.092,0.034,0.098,0,0.2,0.049,0.127,0,0.163,0.02,0,0.047,0.107,0.162,0.035
48,0.013,0.003,0.019,0.0,0,0.028,0.024,0.034,0.017,0.068,0.039,0.0,0.056,0.069,0,0.01,0.008,0.014,0,0.103,0,0.025,0.049,0.037,0.031,0.114,0.037,0,0.034,0,0,0.153,0.072,0.058,0.022,0.054,0.013,0.016,0.0,0.0,0.006,0.013,0.011,0.129,0,0.417,0,0.227,1.0,0.051,0.008,0,0.0,0,0.061,0.054,0.035,0.049,0.016,0.021,0.044,0,0.033,0,0.066,0.021,0.03,0.046,0.032,0.02,0.015,0.065,0.126,0.049,0.02,0.014,0,0.021,0.023,0.011,0.542,0.146,0.044,0.044,0.035,0,0.048,0,0.076,0,0.025,0.047,0.016,0.054,0.057,0.008,0,0.0,0.0,0.143,0.048,0.02,0.01,0,0.0,0,0.056,0,0.064,0.011,0.043,0.052,0.06,0.022,0.016,0,0.086,0.025,0.111,0,0.035,0.0,0,0.026,0.05,0.072,0.0
49,0.038,0.021,0.062,0.084,0,0.079,0.039,0.072,0.079,0.091,0.356,0.022,0.028,0.064,0,0.025,0.014,0.007,0,0.069,0,0.055,0.05,0.052,0.04,0.025,0.012,0,0.019,0,0,0.099,0.12,0.076,0.146,0.141,0.071,0.032,0.058,0.419,0.0,0.041,0.261,0.097,0,0.028,0,0.06,0.08,1.0,0.078,0,0.033,0,0.08,0.074,0.035,0.025,0.059,0.094,0.157,0,0.055,0,0.094,0.219,0.158,0.015,0.024,0.02,0.015,0.0,0.027,0.065,0.0,0.011,0,0.021,0.0,0.056,0.021,0.0,0.037,0.038,0.041,0,0.064,0,0.076,0,0.108,0.154,0.019,0.038,0.065,0.075,0,0.0,0.026,0.032,0.116,0.09,0.061,0,0.091,0,0.056,0,0.018,0.065,0.066,0.036,0.111,0.056,0.148,0,0.076,0.043,0.0,0,0.054,0.0,0,0.049,0.128,0.147,0.088
50,0.005,0.01,0.009,0.008,0,0.036,0.019,0.037,0.023,0.008,0.011,0.0,0.009,0.038,0,0.034,0.03,0.027,0,0.007,0,0.011,0.004,0.023,0.017,0.024,0.012,0,0.014,0,0,0.023,0.024,0.095,0.009,0.011,0.005,0.0,0.0,0.093,0.006,0.02,0.033,0.0,0,0.0,0,0.0,0.004,0.028,1.0,0,0.787,0,0.035,0.049,0.053,0.019,0.016,0.031,0.034,0,0.09,0,0.036,0.034,0.073,0.046,0.024,0.041,0.0,0.0,0.0,0.016,0.0,0.0,0,0.033,0.0,0.038,0.0,0.049,0.007,0.025,0.003,0,0.022,0,0.022,0,0.017,0.047,0.009,0.069,0.026,0.173,0,0.0,0.053,0.0,0.02,0.045,0.102,0,0.136,0,0.007,0,0.0,0.0,0.019,0.014,0.025,0.191,0.082,0,0.01,0.235,0.079,0,0.03,0.0,0,0.017,0.037,0.038,0.0
51,0.0,0.0,0.001,0.0,0,0.006,0.003,0.007,0.0,0.008,0.0,0.0,0.009,0.005,0,0.0,0.003,0.0,0,0.002,0,0.001,0.001,0.005,0.004,0.003,0.0,0,0.0,0,0,0.0,0.0,0.01,0.0,0.0,0.0,0.005,0.0,0.0,0.0,0.0,0.0,0.0,0,0.0,0,0.002,0.0,0.003,0.085,0,0.049,0,0.012,0.009,0.0,0.0,0.005,0.007,0.017,0,0.021,0,0.007,0.021,0.02,0.0,0.0,0.0,0.0,0.0,0.0,0.008,0.0,0.004,0,0.008,0.0,0.01,0.0,0.0,0.002,0.0,0.003,0,0.006,0,0.0,0,0.025,0.03,0.003,0.015,0.008,0.03,0,0.0,0.0,0.0,0.0,0.012,0.0,0,0.045,0,0.0,0,0.0,0.0,0.003,0.007,0.0,0.022,0.0,0,0.024,0.031,0.016,0,0.005,0.0,0,0.0,0.005,0.009,0.0
52,0.003,0.0,0.004,0.0,0,0.018,0.007,0.017,0.008,0.0,0.006,0.0,0.0,0.014,0,0.017,0.008,0.007,0,0.002,0,0.009,0.001,0.014,0.008,0.015,0.012,0,0.005,0,0,0.008,0.008,0.052,0.0,0.0,0.003,0.0,0.0,0.047,0.0,0.007,0.011,0.0,0,0.0,0,0.0,0.0,0.006,0.372,0,1.0,0,0.028,0.024,0.018,0.006,0.005,0.014,0.019,0,0.038,0,0.015,0.014,0.028,0.0,0.008,0.0,0.0,0.0,0.0,0.008,0.0,0.0,0,0.021,0.0,0.014,0.0,0.0,0.003,0.0,0.003,0,0.003,0,0.011,0,0.008,0.012,0.0,0.015,0.008,0.045,0,0.0,0.0,0.0,0.012,0.033,0.041,0,0.0,0,0.0,0,0.0,0.0,0.004,0.0,0.006,0.112,0.033,0,0.0,0.105,0.0,0,0.011,0.0,0,0.006,0.021,0.02,0.0
53,0.0,0.0,0.008,0.017,0,0.008,0.007,0.008,0.0,0.008,0.0,0.0,0.0,0.001,0,0.002,0.0,0.0,0,0.006,0,0.006,0.004,0.005,0.004,0.004,0.0,0,0.0,0,0,0.0,0.0,0.0,0.0,0.0,0.0,0.0,0.0,0.0,0.0,0.004,0.011,0.0,0,0.0,0,0.012,0.004,0.056,0.0,0,0.0,0,0.027,0.006,0.0,0.0,0.005,0.017,0.015,0,0.0,0,0.017,0.034,0.024,0.0,0.0,0.0,0.0,0.0,0.0,0.033,0.0,0.0,0,0.0,0.0,0.014,0.0,0.0,0.009,0.025,0.026,0,0.006,0,0.033,0,0.008,0.006,0.0,0.0,0.008,0.0,0,0.0,0.0,0.0,0.008,0.008,0.0,0,0.0,0,0.014,0,0.0,0.011,0.007,0.0,0.003,0.0,0.016,0,0.01,0.0,0.0,0,0.008,0.02,0,0.0,0.01,0.011,0.0
54,0.118,0.164,0.126,0.067,0,0.133,0.172,0.16,0.062,0.22,0.033,0.094,0.046,0.21,0,0.055,0.022,0.041,0,0.096,0,0.071,0.118,0.109,0.107,0.182,0.293,0,0.216,0,0,0.076,0.04,0.095,0.009,0.032,0.076,0.069,0.13,0.07,0.012,0.052,0.065,0.161,0,0.472,0,0.199,0.2,0.167,0.202,0,0.344,0,1.0,0.21,0.333,0.111,0.108,0.295,0.153,0,0.214,0,0.18,0.233,0.215,0.046,0.024,0.041,0.179,0.196,0.135,0.171,0.061,0.054,0,0.079,0.163,0.152,0.229,0.22,0.19,0.228,0.285,0,0.234,0,0.25,0,0.142,0.219,0.082,0.185,0.226,0.158,0,0.021,0.0,0.349,0.18,0.151,0.245,0,0.068,0,0.329,0,0.234,0.141,0.202,0.19,0.136,0.202,0.344,0,0.243,0.111,0.302,0,0.205,0.224,0,0.053,0.121,0.186,0.0
55,0.233,0.258,0.272,0.143,0,0.345,0.268,0.375,0.222,0.258,0.161,0.077,0.278,0.519,0,0.327,0.329,0.37,0,0.253,0,0.231,0.241,0.221,0.229,0.416,0.573,0,0.25,0,0,0.214,0.2,0.348,0.088,0.205,0.202,0.223,0.203,0.442,0.106,0.252,0.315,0.387,0,0.389,0,0.35,0.413,0.362,0.651,0,0.689,0,0.49,1.0,0.754,0.599,0.276,0.382,0.316,0,0.439,0,0.3,0.39,0.405,0.308,0.347,0.337,0.164,0.348,0.324,0.26,0.347,0.076,0,0.154,0.488,0.346,0.312,0.488,0.227,0.297,0.306,0,0.421,0,0.315,0,0.317,0.432,0.19,0.446,0.439,0.526,0,0.073,0.342,0.254,0.343,0.392,0.633,0,0.523,0,0.476,0,0.368,0.413,0.363,0.333,0.297,0.461,0.311,0,0.371,0.525,0.587,0,0.422,0.082,0,0.226,0.306,0.349,0.053
56,0.005,0.014,0.007,0.0,0,0.015,0.013,0.018,0.002,0.015,0.0,0.0,0.0,0.027,0,0.005,0.003,0.0,0,0.005,0,0.004,0.008,0.006,0.008,0.018,0.061,0,0.005,0,0,0.008,0.008,0.007,0.0,0.005,0.0,0.0,0.0,0.023,0.0,0.0,0.0,0.0,0,0.0,0,0.006,0.009,0.006,0.023,0,0.016,0,0.026,0.025,1.0,0.049,0.016,0.017,0.008,0,0.029,0,0.007,0.007,0.016,0.0,0.008,0.0,0.0,0.0,0.0,0.008,0.0,0.0,0,0.008,0.023,0.011,0.0,0.0,0.007,0.006,0.006,0,0.017,0,0.011,0,0.0,0.006,0.003,0.008,0.023,0.03,0,0.0,0.0,0.032,0.01,0.024,0.02,0,0.023,0,0.028,0,0.018,0.022,0.016,0.019,0.009,0.011,0.0,0,0.029,0.006,0.032,0,0.019,0.0,0,0.003,0.007,0.008,0.0
57,0.005,0.017,0.019,0.008,0,0.067,0.028,0.028,0.017,0.015,0.006,0.0,0.019,0.052,0,0.013,0.019,0.0,0,0.021,0,0.025,0.017,0.007,0.018,0.042,0.012,0,0.01,0,0,0.038,0.032,0.045,0.009,0.032,0.023,0.005,0.014,0.023,0.0,0.013,0.022,0.0,0,0.028,0,0.022,0.036,0.011,0.023,0,0.016,0,0.024,0.056,0.14,1.0,0.022,0.003,0.006,0,0.038,0,0.016,0.014,0.016,0.015,0.0,0.0,0.015,0.0,0.0,0.0,0.0,0.0,0,0.013,0.0,0.01,0.042,0.049,0.025,0.013,0.018,0,0.023,0,0.011,0,0.025,0.012,0.013,0.023,0.018,0.038,0,0.0,0.0,0.016,0.015,0.024,0.051,0,0.023,0,0.028,0,0.023,0.011,0.022,0.019,0.009,0.056,0.0,0,0.033,0.031,0.016,0,0.028,0.0,0,0.018,0.015,0.021,0.0
58,0.007,0.024,0.023,0.0,0,0.026,0.021,0.105,0.039,0.023,0.022,0.0,0.009,0.043,0,0.02,0.011,0.007,0,0.009,0,0.026,0.005,0.045,0.019,0.019,0.024,0,0.024,0,0,0.008,0.008,0.027,0.013,0.032,0.005,0.005,0.014,0.209,0.025,0.02,0.087,0.0,0,0.028,0,0.014,0.013,0.031,0.023,0,0.016,0,0.027,0.03,0.053,0.025,1.0,0.035,0.032,0,0.031,0,0.034,0.068,0.055,0.031,0.008,0.01,0.0,0.0,0.0,0.024,0.0,0.0,0,0.013,0.023,0.015,0.0,0.0,0.011,0.044,0.012,0,0.033,0,0.065,0,0.033,0.059,0.025,0.023,0.062,0.053,0,0.0,0.026,0.016,0.2,0.127,0.071,0,0.205,0,0.049,0,0.018,0.163,0.03,0.021,0.066,0.056,0.082,0,0.019,0.031,0.0,0,0.054,0.041,0,0.015,0.033,0.044,0.0
59,0.028,0.049,0.039,0.042,0,0.035,0.052,0.101,0.021,0.114,0.028,0.0,0.019,0.09,0,0.013,0.014,0.0,0,0.044,0,0.029,0.036,0.045,0.043,0.06,0.073,0,0.087,0,0,0.015,0.0,0.045,0.009,0.038,0.01,0.027,0.014,0.023,0.0,0.02,0.033,0.032,0,0.111,0,0.066,0.027,0.076,0.07,0,0.066,0,0.115,0.064,0.088,0.006,0.054,1.0,0.229,0,0.052,0,0.077,0.199,0.113,0.015,0.016,0.02,0.03,0.065,0.018,0.073,0.0,0.004,0,0.013,0.047,0.055,0.042,0.098,0.043,0.051,0.059,0,0.112,0,0.087,0,0.05,0.095,0.035,0.046,0.132,0.098,0,0.0,0.053,0.079,0.09,0.127,0.286,0,0.045,0,0.168,0,0.111,0.174,0.095,0.097,0.073,0.067,0.098,0,0.081,0.049,0.095,0,0.116,0.061,0,0.011,0.098,0.07,0.0
60,0.042,0.063,0.064,0.076,0,0.087,0.069,0.113,0.098,0.144,0.15,0.011,0.037,0.065,0,0.025,0.033,0.0,0,0.075,0,0.067,0.039,0.082,0.063,0.047,0.024,0,0.053,0,0,0.084,0.08,0.12,0.146,0.195,0.058,0.085,0.043,0.14,0.0,0.052,0.12,0.032,0,0.0,0,0.062,0.093,0.209,0.124,0,0.148,0,0.097,0.086,0.07,0.019,0.081,0.375,1.0,0,0.067,0,0.131,0.267,0.227,0.015,0.008,0.02,0.045,0.022,0.018,0.089,0.02,0.007,0,0.058,0.0,0.08,0.021,0.049,0.06,0.089,0.082,0,0.058,0,0.098,0,0.225,0.183,0.044,0.069,0.114,0.06,0,0.0,0.053,0.032,0.106,0.2,0.122,0,0.205,0,0.07,0,0.029,0.109,0.087,0.059,0.146,0.135,0.131,0,0.133,0.191,0.032,0,0.083,0.102,0,0.043,0.218,0.17,0.018
61,0.0,0.0,0.0,0.0,0,0.0,0.0,0.0,0.0,0.0,0.0,0.0,0.0,0.0,0,0.0,0.0,0.0,0,0.002,0,0.0,0.0,0.001,0.0,0.004,0.0,0,0.0,0,0,0.0,0.0,0.0,0.0,0.0,0.0,0.0,0.0,0.0,0.0,0.0,0.0,0.0,0,0.0,0,0.004,0.004,0.0,0.0,0,0.0,0,0.0,0.001,0.0,0.006,0.0,0.0,0.0,0,0.0,0,0.0,0.0,0.0,0.0,0.0,0.0,0.0,0.0,0.0,0.0,0.0,0.0,0,0.0,0.0,0.0,0.0,0.0,0.001,0.0,0.0,0,0.002,0,0.0,0,0.0,0.0,0.0,0.0,0.0,0.0,0,0.0,0.0,0.0,0.0,0.0,0.0,0,0.0,0,0.0,0,0.006,0.0,0.001,0.002,0.0,0.0,0.0,0,0.0,0.0,0.0,0,0.0,0.0,0,0.0,0.0,0.001,0.0
62,0.051,0.045,0.05,0.017,0,0.077,0.051,0.083,0.037,0.083,0.022,0.022,0.037,0.109,0,0.077,0.058,0.089,0,0.061,0,0.053,0.053,0.057,0.057,0.112,0.061,0,0.048,0,0,0.053,0.064,0.102,0.009,0.038,0.033,0.032,0.058,0.047,0.025,0.058,0.033,0.032,0,0.139,0,0.082,0.062,0.065,0.295,0,0.262,0,0.121,0.107,0.211,0.099,0.07,0.076,0.059,0,1.0,0,0.087,0.123,0.134,0.092,0.097,0.071,0.015,0.152,0.09,0.057,0.0,0.029,0,0.062,0.07,0.09,0.042,0.122,0.054,0.076,0.074,0,0.131,0,0.054,0,0.075,0.089,0.054,0.138,0.081,1.0,0,0.01,0.079,0.095,0.05,0.065,0.255,0,0.205,0,0.105,0,0.099,0.087,0.118,0.116,0.076,0.18,0.049,0,0.119,0.241,0.238,0,0.092,0.0,0,0.047,0.066,0.092,0.018
63,0.003,0.0,0.0,0.0,0,0.0,0.0,0.005,0.0,0.0,0.0,0.0,0.0,0.0,0,0.0,0.0,0.0,0,0.003,0,0.0,0.001,0.001,0.001,0.003,0.0,0,0.0,0,0,0.0,0.0,0.001,0.0,0.0,0.0,0.0,0.0,0.0,0.0,0.0,0.0,0.0,0,0.0,0,0.002,0.004,0.0,0.0,0,0.0,0,0.0,0.0,0.0,0.006,0.0,0.0,0.0,0,0.0,0,0.002,0.0,0.0,0.0,0.0,0.0,0.0,0.0,0.0,0.0,0.0,0.0,0,0.0,0.0,0.0,0.0,0.0,0.001,0.0,0.0,0,0.0,0,0.0,0,0.0,0.0,0.0,0.0,0.0,0.0,0,0.0,0.0,0.0,0.0,0.0,0.0,0,0.0,0,0.0,0,0.0,0.0,0.0,0.0,0.006,0.0,0.0,0,0.0,0.0,0.0,0,0.0,0.0,0,0.0,0.001,0.0,0.0
64,0.123,0.07,0.121,0.143,0,0.165,0.142,0.237,0.104,0.273,0.178,0.033,0.176,0.179,0,0.117,0.101,0.075,0,0.14,0,0.105,0.124,0.159,0.141,0.179,0.146,0,0.154,0,0,0.092,0.08,0.195,0.075,0.108,0.068,0.112,0.116,0.163,0.087,0.124,0.109,0.194,0,0.194,0,0.237,0.298,0.268,0.287,0,0.246,0,0.247,0.177,0.123,0.099,0.189,0.271,0.282,0,0.209,0,1.0,0.466,0.488,0.077,0.145,0.133,0.06,0.152,0.126,0.154,0.061,0.058,0,0.142,0.186,0.187,0.083,0.098,0.155,0.335,0.25,0,0.15,0,0.5,0,0.2,0.32,0.111,0.246,0.223,0.233,0,0.062,0.079,0.333,0.248,0.298,0.245,0,0.409,0,0.175,0,0.117,0.163,0.19,0.15,0.212,0.348,0.393,0,0.176,0.222,0.127,0,0.173,0.449,0,0.076,0.205,0.406,0.035
65,0.014,0.042,0.03,0.05,0,0.039,0.028,0.044,0.021,0.098,0.056,0.006,0.019,0.024,0,0.012,0.005,0.0,0,0.011,0,0.02,0.012,0.024,0.018,0.014,0.024,0,0.01,0,0,0.008,0.016,0.03,0.018,0.016,0.01,0.0,0.014,0.0,0.006,0.011,0.033,0.0,0,0.0,0,0.018,0.013,0.09,0.039,0,0.033,0,0.046,0.033,0.018,0.012,0.054,0.101,0.083,0,0.043,0,0.067,1.0,0.182,0.0,0.0,0.0,0.03,0.0,0.009,0.057,0.0,0.0,0,0.021,0.0,0.028,0.0,0.0,0.033,0.019,0.044,0,0.012,0,0.054,0,0.108,0.083,0.019,0.046,0.057,0.045,0,0.0,0.0,0.048,0.043,0.078,0.041,0,0.136,0,0.028,0,0.006,0.043,0.028,0.01,0.022,0.022,0.082,0,0.052,0.037,0.0,0,0.027,0.0,0,0.008,0.052,0.094,0.018
66,0.047,0.087,0.071,0.084,0,0.122,0.075,0.132,0.077,0.205,0.111,0.0,0.13,0.101,0,0.06,0.049,0.034,0,0.055,0,0.049,0.048,0.1,0.067,0.061,0.085,0,0.048,0,0,0.046,0.04,0.121,0.053,0.13,0.03,0.112,0.101,0.093,0.025,0.056,0.076,0.0,0,0.056,0,0.123,0.067,0.226,0.287,0,0.23,0,0.147,0.119,0.14,0.049,0.151,0.198,0.244,0,0.162,0,0.243,0.63,1.0,0.046,0.056,0.061,0.03,0.0,0.027,0.138,0.02,0.051,0,0.05,0.07,0.126,0.104,0.024,0.088,0.051,0.109,0,0.076,0,0.098,0,0.208,0.278,0.06,0.154,0.099,0.173,0,0.01,0.0,0.222,0.125,0.237,0.235,0,0.409,0,0.07,0,0.029,0.098,0.083,0.052,0.092,0.124,0.131,0,0.271,0.241,0.032,0,0.102,0.02,0,0.044,0.162,0.304,0.018
67,0.021,0.017,0.034,0.008,0,0.008,0.007,0.008,0.012,0.008,0.0,0.0,0.157,0.019,0,0.087,0.118,0.164,0,0.004,0,0.018,0.01,0.015,0.009,0.004,0.0,0,0.014,0,0,0.008,0.016,0.018,0.004,0.022,0.028,0.005,0.0,0.0,0.006,0.02,0.0,0.0,0,0.0,0,0.006,0.013,0.003,0.023,0,0.0,0,0.004,0.012,0.0,0.006,0.011,0.003,0.002,0,0.014,0,0.005,0.0,0.006,1.0,0.185,0.204,0.0,0.0,0.0,0.0,0.0,0.0,0,0.0,0.0,0.046,0.0,0.024,0.006,0.013,0.0,0,0.011,0,0.022,0,0.017,0.006,0.009,0.0,0.0,0.015,0,0.0,0.132,0.016,0.008,0.012,0.01,0,0.0,0,0.007,0,0.006,0.0,0.004,0.002,0.006,0.067,0.033,0,0.01,0.056,0.016,0,0.007,0.0,0,0.059,0.018,0.006,0.035
68,0.039,0.014,0.064,0.0,0,0.015,0.004,0.005,0.033,0.008,0.006,0.017,0.222,0.035,0,0.163,0.282,0.336,0,0.006,0,0.048,0.018,0.028,0.018,0.003,0.0,0,0.005,0,0,0.015,0.008,0.021,0.013,0.032,0.035,0.005,0.0,0.0,0.019,0.04,0.0,0.0,0,0.0,0,0.008,0.018,0.008,0.023,0,0.016,0,0.004,0.025,0.018,0.0,0.005,0.007,0.002,0,0.029,0,0.018,0.0,0.014,0.354,1.0,0.724,0.015,0.0,0.0,0.016,0.0,0.014,0,0.004,0.0,0.081,0.021,0.0,0.004,0.0,0.012,0,0.003,0,0.011,0,0.008,0.006,0.028,0.0,0.003,0.015,0,0.0,0.421,0.016,0.005,0.008,0.0,0,0.0,0,0.0,0,0.0,0.0,0.001,0.0,0.003,0.056,0.0,0,0.005,0.068,0.0,0,0.003,0.0,0,0.109,0.035,0.013,0.035
69,0.029,0.007,0.05,0.0,0,0.011,0.001,0.004,0.019,0.0,0.0,0.0,0.12,0.025,0,0.129,0.233,0.301,0,0.004,0,0.039,0.015,0.02,0.014,0.0,0.0,0,0.005,0,0,0.015,0.008,0.014,0.004,0.022,0.018,0.0,0.0,0.0,0.012,0.029,0.022,0.0,0,0.0,0,0.004,0.009,0.006,0.031,0,0.0,0,0.005,0.019,0.0,0.0,0.005,0.007,0.004,0,0.017,0,0.013,0.0,0.012,0.308,0.573,1.0,0.0,0.0,0.0,0.0,0.0,0.004,0,0.008,0.0,0.058,0.042,0.0,0.002,0.0,0.006,0,0.0,0,0.011,0,0.008,0.0,0.016,0.0,0.0,0.008,0,0.0,0.289,0.0,0.003,0.004,0.0,0,0.0,0,0.0,0,0.0,0.0,0.001,0.0,0.0,0.045,0.0,0,0.0,0.056,0.0,0,0.002,0.0,0,0.087,0.029,0.008,0.035
70,0.05,0.003,0.014,0.0,0,0.007,0.007,0.002,0.006,0.008,0.0,0.0,0.019,0.005,0,0.01,0.005,0.014,0,0.002,0,0.018,0.002,0.012,0.008,0.001,0.0,0,0.0,0,0,0.0,0.0,0.002,0.004,0.016,0.008,0.011,0.014,0.0,0.0,0.007,0.0,0.032,0,0.0,0,0.004,0.004,0.003,0.0,0,0.0,0,0.016,0.006,0.0,0.006,0.0,0.007,0.006,0,0.002,0,0.004,0.014,0.004,0.0,0.008,0.0,1.0,0.0,0.0,0.0,0.02,0.004,0,0.0,0.0,0.008,0.021,0.024,0.003,0.0,0.003,0,0.0,0,0.0,0,0.033,0.0,0.016,0.015,0.003,0.0,0,0.0,0.026,0.0,0.002,0.0,0.0,0,0.0,0,0.0,0,0.0,0.0,0.0,0.0,0.0,0.0,0.0,0,0.005,0.0,0.0,0,0.004,0.0,0,0.006,0.005,0.009,0.018
71,0.004,0.0,0.001,0.0,0,0.003,0.001,0.0,0.002,0.038,0.0,0.0,0.009,0.007,0,0.002,0.0,0.007,0,0.014,0,0.006,0.032,0.004,0.006,0.032,0.0,0,0.0,0,0,0.023,0.064,0.002,0.0,0.0,0.005,0.0,0.0,0.0,0.0,0.0,0.0,0.129,0,0.0,0,0.012,0.013,0.0,0.0,0,0.0,0,0.012,0.009,0.0,0.0,0.0,0.01,0.002,0,0.017,0,0.007,0.0,0.0,0.0,0.0,0.0,0.0,1.0,0.135,0.008,0.0,0.0,0,0.008,0.0,0.0,0.0,0.0,0.009,0.006,0.029,0,0.002,0,0.0,0,0.0,0.0,0.003,0.0,0.0,0.015,0,0.0,0.0,0.0,0.0,0.0,0.0,0,0.0,0,0.0,0,0.0,0.0,0.001,0.0,0.003,0.0,0.0,0,0.0,0.0,0.0,0,0.002,0.0,0,0.02,0.005,0.003,0.0
72,0.008,0.007,0.01,0.0,0,0.01,0.012,0.007,0.004,0.061,0.0,0.0,0.009,0.006,0,0.007,0.005,0.034,0,0.037,0,0.018,0.073,0.011,0.016,0.058,0.012,0,0.014,0,0,0.092,0.136,0.014,0.0,0.0,0.013,0.0,0.0,0.0,0.0,0.0,0.011,0.258,0,0.0,0,0.058,0.062,0.008,0.0,0,0.0,0,0.02,0.021,0.0,0.0,0.0,0.007,0.004,0,0.024,0,0.014,0.007,0.006,0.0,0.0,0.0,0.0,0.326,1.0,0.008,0.0,0.004,0,0.013,0.0,0.006,0.0,0.0,0.036,0.278,0.009,0,0.014,0,0.065,0,0.008,0.024,0.0,0.008,0.023,0.015,0,0.0,0.0,0.048,0.002,0.012,0.0,0,0.0,0,0.0,0,0.0,0.0,0.003,0.0,0.006,0.034,0.0,0,0.0,0.0,0.0,0,0.012,0.0,0,0.043,0.013,0.004,0.0
73,0.022,0.031,0.026,0.034,0,0.035,0.04,0.018,0.012,0.023,0.011,0.138,0.009,0.025,0,0.013,0.011,0.014,0,0.012,0,0.012,0.027,0.014,0.017,0.01,0.012,0,0.014,0,0,0.0,0.0,0.009,0.018,0.005,0.061,0.016,0.0,0.0,0.0,0.009,0.0,0.0,0,0.028,0,0.01,0.027,0.023,0.016,0,0.016,0,0.028,0.019,0.018,0.0,0.016,0.031,0.023,0,0.017,0,0.019,0.048,0.034,0.0,0.016,0.0,0.0,0.022,0.009,1.0,0.082,0.087,0,0.017,0.023,0.014,0.062,0.049,0.015,0.019,0.035,0,0.012,0,0.065,0,0.033,0.036,0.013,0.031,0.021,0.023,0,0.0,0.026,0.032,0.017,0.02,0.041,0,0.023,0,0.021,0,0.006,0.011,0.013,0.017,0.009,0.0,0.016,0,0.01,0.025,0.048,0,0.018,0.0,0,0.027,0.016,0.024,0.0
74,0.003,0.0,0.005,0.0,0,0.009,0.01,0.006,0.004,0.0,0.0,0.028,0.009,0.0,0,0.002,0.0,0.0,0,0.027,0,0.002,0.011,0.006,0.008,0.006,0.0,0,0.0,0,0,0.008,0.008,0.002,0.009,0.027,0.018,0.096,0.014,0.0,0.0,0.0,0.0,0.0,0,0.0,0,0.028,0.004,0.0,0.0,0,0.0,0,0.004,0.01,0.0,0.0,0.0,0.0,0.002,0,0.0,0,0.003,0.0,0.002,0.0,0.0,0.0,0.015,0.0,0.0,0.033,1.0,0.058,0,0.017,0.0,0.001,0.021,0.0,0.003,0.0,0.0,0,0.002,0,0.0,0,0.008,0.0,0.0,0.0,0.003,0.0,0,0.0,0.0,0.0,0.0,0.0,0.0,0,0.0,0,0.0,0,0.006,0.0,0.001,0.0,0.006,0.0,0.0,0,0.005,0.0,0.0,0,0.002,0.0,0,0.021,0.0,0.003,0.018
75,0.059,0.017,0.048,0.025,0,0.059,0.09,0.004,0.019,0.008,0.022,0.304,0.019,0.002,0,0.018,0.011,0.021,0,0.027,0,0.022,0.103,0.026,0.039,0.006,0.0,0,0.005,0,0,0.008,0.024,0.006,0.04,0.054,0.116,0.202,0.014,0.0,0.006,0.005,0.0,0.0,0,0.0,0,0.014,0.018,0.008,0.0,0,0.0,0,0.02,0.012,0.0,0.0,0.0,0.003,0.004,0,0.019,0,0.016,0.0,0.028,0.0,0.032,0.01,0.015,0.0,0.009,0.195,0.327,1.0,0,0.042,0.0,0.029,0.083,0.024,0.02,0.013,0.012,0,0.016,0,0.0,0,0.033,0.018,0.009,0.031,0.0,0.0,0,0.0,0.053,0.016,0.003,0.004,0.0,0,0.0,0,0.0,0,0.0,0.0,0.012,0.01,0.013,0.022,0.0,0,0.029,0.006,0.0,0,0.011,0.041,0,0.038,0.008,0.016,0.018
76,0.001,0.0,0.001,0.0,0,0.002,0.001,0.003,0.002,0.0,0.0,0.0,0.009,0.0,0,0.002,0.003,0.0,0,0.002,0,0.001,0.001,0.002,0.001,0.003,0.0,0,0.0,0,0,0.0,0.008,0.003,0.004,0.011,0.003,0.0,0.0,0.0,0.0,0.002,0.0,0.0,0,0.0,0,0.004,0.013,0.003,0.0,0,0.0,0,0.001,0.002,0.0,0.0,0.005,0.0,0.0,0,0.0,0,0.002,0.0,0.0,0.015,0.008,0.01,0.0,0.0,0.0,0.0,0.0,0.0,0,0.0,0.0,0.0,0.021,0.0,0.001,0.013,0.003,0,0.0,0,0.011,0,0.0,0.0,0.003,0.0,0.003,0.0,0,0.0,0.0,0.0,0.002,0.0,0.0,0,0.0,0,0.0,0,0.0,0.0,0.0,0.0,0.0,0.011,0.0,0,0.005,0.0,0.0,0,0.002,0.02,0,0.002,0.001,0.004,0.0
77,0.022,0.003,0.019,0.008,0,0.034,0.027,0.017,0.021,0.045,0.006,0.039,0.019,0.017,0,0.02,0.022,0.021,0,0.029,0,0.028,0.03,0.017,0.031,0.025,0.012,0,0.005,0,0,0.046,0.04,0.036,0.018,0.022,0.018,0.027,0.014,0.023,0.0,0.014,0.022,0.0,0,0.0,0,0.016,0.022,0.014,0.062,0,0.082,0,0.026,0.021,0.035,0.019,0.016,0.01,0.03,0,0.036,0,0.033,0.034,0.024,0.0,0.008,0.02,0.0,0.043,0.027,0.033,0.082,0.036,0,1.0,0.0,0.024,0.042,0.024,0.012,0.013,0.024,0,0.022,0,0.011,0,0.025,0.03,0.025,0.077,0.029,0.023,0,0.0,0.0,0.0,0.023,0.012,0.0,0,0.068,0,0.007,0,0.018,0.011,0.024,0.031,0.035,0.011,0.016,0,0.024,0.025,0.0,0,0.012,0.02,0,0.021,0.024,0.031,0.018
78,0.004,0.0,0.002,0.0,0,0.003,0.015,0.017,0.002,0.0,0.0,0.0,0.0,0.016,0,0.002,0.0,0.0,0,0.012,0,0.001,0.004,0.005,0.007,0.024,0.171,0,0.048,0,0,0.0,0.0,0.01,0.0,0.0,0.003,0.0,0.0,0.0,0.0,0.0,0.0,0.0,0,0.0,0,0.072,0.004,0.0,0.0,0,0.0,0,0.009,0.012,0.018,0.0,0.005,0.007,0.0,0,0.007,0,0.008,0.0,0.006,0.0,0.0,0.0,0.0,0.0,0.0,0.008,0.0,0.0,0,0.0,1.0,0.003,0.042,0.024,0.0,0.0,0.006,0,0.016,0,0.0,0,0.0,0.006,0.006,0.031,0.036,0.008,0,0.0,0.0,0.0,0.02,0.0,0.01,0,0.0,0,0.007,0,0.006,0.022,0.008,0.0,0.003,0.0,0.0,0,0.014,0.0,0.032,0,0.029,0.0,0,0.0,0.008,0.006,0.0
79,0.239,0.265,0.222,0.05,0,0.099,0.256,0.144,0.18,0.114,0.05,0.155,0.463,0.132,0,0.403,0.416,0.349,0,0.031,0,0.116,0.104,0.147,0.124,0.044,0.256,0,0.207,0,0,0.076,0.064,0.132,0.009,0.13,0.098,0.133,0.0,0.023,0.124,0.263,0.076,0.097,0,0.028,0,0.04,0.04,0.124,0.233,0,0.18,0,0.162,0.158,0.158,0.049,0.065,0.149,0.133,0,0.169,0,0.145,0.151,0.196,0.554,0.516,0.469,0.09,0.0,0.045,0.089,0.02,0.083,0,0.079,0.047,1.0,0.125,0.049,0.069,0.089,0.094,0,0.108,0,0.087,0,0.183,0.16,0.123,0.262,0.109,0.226,0,0.01,0.5,0.079,0.131,0.151,0.143,0,0.341,0,0.077,0,0.035,0.033,0.124,0.074,0.051,0.169,0.016,0,0.09,0.265,0.063,0,0.097,0.02,0,0.248,0.101,0.123,0.088
80,0.001,0.0,0.008,0.0,0,0.004,0.024,0.005,0.002,0.0,0.0,0.0,0.009,0.018,0,0.003,0.003,0.0,0,0.011,0,0.006,0.006,0.008,0.007,0.014,0.061,0,0.019,0,0,0.0,0.0,0.008,0.0,0.011,0.003,0.0,0.0,0.0,0.0,0.004,0.011,0.0,0,0.0,0,0.014,0.116,0.003,0.0,0,0.0,0,0.015,0.009,0.0,0.012,0.0,0.007,0.002,0,0.005,0,0.004,0.0,0.01,0.0,0.008,0.02,0.015,0.0,0.0,0.024,0.02,0.014,0,0.008,0.047,0.008,1.0,0.073,0.018,0.025,0.012,0,0.011,0,0.0,0,0.025,0.03,0.003,0.023,0.003,0.008,0,0.0,0.0,0.0,0.008,0.0,0.01,0,0.0,0,0.007,0,0.006,0.0,0.007,0.005,0.003,0.0,0.0,0,0.024,0.0,0.016,0,0.01,0.061,0,0.005,0.005,0.009,0.0
81,0.003,0.003,0.003,0.0,0,0.003,0.003,0.004,0.0,0.008,0.0,0.0,0.0,0.022,0,0.005,0.003,0.007,0,0.008,0,0.002,0.0,0.006,0.006,0.019,0.012,0,0.024,0,0,0.0,0.0,0.005,0.0,0.0,0.003,0.0,0.0,0.0,0.0,0.002,0.0,0.0,0,0.028,0,0.012,0.027,0.0,0.016,0,0.0,0,0.012,0.012,0.0,0.012,0.0,0.014,0.004,0,0.012,0,0.004,0.0,0.002,0.015,0.0,0.0,0.015,0.0,0.0,0.016,0.0,0.004,0,0.004,0.023,0.003,0.062,1.0,0.006,0.032,0.009,0,0.045,0,0.011,0,0.017,0.018,0.009,0.031,0.0,0.03,0,0.0,0.0,0.0,0.003,0.0,0.031,0,0.0,0,0.028,0,0.029,0.0,0.013,0.021,0.009,0.022,0.033,0,0.01,0.019,0.19,0,0.022,0.02,0,0.002,0.003,0.0,0.0
82,0.156,0.321,0.172,0.126,0,0.118,0.225,0.087,0.031,0.152,0.028,0.055,0.093,0.126,0,0.049,0.071,0.062,0,0.063,0,0.108,0.133,0.132,0.121,0.09,0.134,0,0.274,0,0,0.038,0.032,0.039,0.031,0.065,0.091,0.165,0.391,0.047,0.025,0.032,0.033,0.194,0,0.139,0,0.103,0.173,0.093,0.047,0,0.049,0,0.228,0.117,0.105,0.136,0.054,0.132,0.112,0,0.114,0,0.136,0.199,0.154,0.077,0.032,0.02,0.045,0.174,0.288,0.106,0.061,0.065,0,0.046,0.0,0.078,0.333,0.122,1.0,0.747,0.768,0,0.061,0,0.511,0,0.2,0.166,0.041,0.138,0.143,0.068,0,0.031,0.079,0.222,0.077,0.086,0.061,0,0.0,0,0.077,0,0.047,0.087,0.062,0.033,0.054,0.022,0.279,0,0.205,0.012,0.016,0,0.107,0.082,0,0.079,0.088,0.131,0.088
83,0.017,0.028,0.019,0.0,0,0.02,0.058,0.039,0.008,0.008,0.0,0.0,0.046,0.047,0,0.012,0.003,0.007,0,0.023,0,0.018,0.043,0.016,0.024,0.054,0.061,0,0.087,0,0,0.031,0.024,0.017,0.0,0.022,0.005,0.016,0.0,0.0,0.0,0.007,0.0,0.097,0,0.0,0,0.026,0.031,0.017,0.031,0,0.0,0,0.049,0.027,0.018,0.012,0.038,0.028,0.03,0,0.029,0,0.052,0.021,0.016,0.031,0.0,0.0,0.0,0.022,0.396,0.024,0.0,0.007,0,0.008,0.0,0.018,0.083,0.122,0.133,1.0,0.085,0,0.037,0,0.543,0,0.067,0.083,0.003,0.062,0.091,0.03,0,0.0,0.0,0.0,0.045,0.029,0.031,0,0.0,0,0.049,0,0.041,0.033,0.023,0.029,0.047,0.112,0.328,0,0.019,0.0,0.032,0,0.042,0.082,0,0.03,0.02,0.021,0.018
84,0.069,0.101,0.094,0.017,0,0.051,0.123,0.041,0.019,0.136,0.011,0.006,0.157,0.053,0,0.022,0.03,0.021,0,0.026,0,0.046,0.056,0.055,0.049,0.042,0.085,0,0.197,0,0,0.038,0.008,0.02,0.009,0.038,0.028,0.059,0.058,0.023,0.0,0.02,0.033,0.032,0,0.056,0,0.054,0.053,0.04,0.008,0,0.016,0,0.131,0.06,0.035,0.037,0.022,0.069,0.059,0,0.059,0,0.084,0.103,0.073,0.0,0.032,0.02,0.015,0.217,0.027,0.098,0.0,0.014,0,0.033,0.047,0.041,0.083,0.073,0.293,0.184,1.0,0,0.033,0,0.163,0,0.142,0.089,0.035,0.115,0.057,0.053,0,0.0,0.026,0.19,0.033,0.024,0.031,0,0.023,0,0.042,0,0.018,0.065,0.031,0.01,0.022,0.022,0.098,0,0.095,0.006,0.0,0,0.067,0.102,0,0.032,0.044,0.078,0.018
85,0.0,0.003,0.001,0.0,0,0.002,0.003,0.003,0.002,0.0,0.011,0.011,0.0,0.001,0,0.002,0.0,0.0,0,0.003,0,0.004,0.004,0.0,0.001,0.001,0.0,0,0.0,0,0,0.008,0.008,0.003,0.0,0.005,0.005,0.0,0.0,0.0,0.0,0.007,0.0,0.032,0,0.0,0,0.002,0.004,0.006,0.0,0,0.0,0,0.0,0.002,0.0,0.0,0.0,0.0,0.0,0,0.0,0,0.002,0.007,0.0,0.0,0.0,0.0,0.0,0.0,0.0,0.0,0.0,0.004,0,0.004,0.0,0.001,0.0,0.0,0.0,0.0,0.003,0,0.0,0,0.0,0,0.008,0.0,0.003,0.008,0.0,0.0,0,0.0,0.0,0.0,0.005,0.0,0.0,0,0.0,0,0.0,0,0.0,0.0,0.001,0.002,0.0,0.0,0.0,0,0.005,0.0,0.0,0,0.0,0.0,0,0.0,0.002,0.003,0.0
86,0.048,0.07,0.045,0.025,0,0.052,0.09,0.162,0.027,0.091,0.028,0.017,0.056,0.233,0,0.037,0.014,0.014,0,0.137,0,0.038,0.065,0.098,0.091,0.265,0.207,0,0.159,0,0,0.023,0.04,0.087,0.018,0.059,0.038,0.043,0.014,0.279,0.012,0.047,0.098,0.097,0,0.833,0,0.143,0.138,0.116,0.109,0,0.033,0,0.202,0.157,0.193,0.093,0.114,0.25,0.078,0,0.2,0,0.094,0.055,0.097,0.108,0.016,0.0,0.0,0.022,0.081,0.065,0.02,0.036,0,0.058,0.233,0.088,0.146,0.707,0.044,0.152,0.062,0,1.0,0,0.163,0,0.117,0.331,0.035,0.215,0.247,0.331,0,0.0,0.026,0.032,0.163,0.224,0.449,0,0.114,0,0.86,0,0.994,0.37,0.528,0.701,0.301,0.101,0.328,0,0.1,0.154,0.762,0,0.459,0.041,0,0.033,0.073,0.089,0.0
87,0.0,0.0,0.008,0.0,0,0.001,0.0,0.007,0.0,0.008,0.006,0.0,0.037,0.002,0,0.002,0.0,0.0,0,0.002,0,0.007,0.005,0.008,0.004,0.001,0.0,0,0.0,0,0,0.0,0.0,0.0,0.0,0.0,0.008,0.0,0.0,0.0,0.0,0.0,0.0,0.0,0,0.0,0,0.0,0.0,0.0,0.0,0,0.0,0,0.005,0.001,0.0,0.0,0.0,0.024,0.011,0,0.0,0,0.02,0.0,0.0,0.0,0.0,0.0,0.0,0.0,0.0,0.0,0.0,0.0,0,0.0,0.0,0.0,0.0,0.0,0.022,0.0,0.062,0,0.0,0,0.011,0,0.0,0.0,0.003,0.0,0.0,0.0,0,0.0,0.0,0.016,0.002,0.0,0.0,0,0.0,0,0.0,0,0.0,0.0,0.003,0.0,0.003,0.0,0.0,0,0.014,0.0,0.0,0,0.0,0.0,0,0.0,0.004,0.005,0.0
88,0.004,0.007,0.009,0.017,0,0.014,0.027,0.028,0.008,0.008,0.006,0.0,0.019,0.048,0,0.007,0.005,0.0,0,0.017,0,0.009,0.013,0.009,0.012,0.028,0.037,0,0.048,0,0,0.008,0.016,0.012,0.009,0.022,0.005,0.005,0.0,0.0,0.0,0.005,0.0,0.0,0,0.028,0,0.014,0.031,0.02,0.016,0,0.016,0,0.031,0.017,0.018,0.006,0.032,0.028,0.019,0,0.012,0,0.045,0.034,0.018,0.031,0.008,0.01,0.0,0.0,0.054,0.049,0.0,0.0,0,0.004,0.0,0.01,0.0,0.024,0.053,0.316,0.044,0,0.023,0,1.0,0,0.05,0.047,0.009,0.062,0.065,0.03,0,0.0,0.0,0.0,0.038,0.016,0.02,0,0.0,0,0.028,0,0.023,0.022,0.022,0.021,0.025,0.101,0.279,0,0.029,0.0,0.016,0,0.02,0.102,0,0.006,0.014,0.025,0.018
89,0.003,0.0,0.003,0.0,0,0.002,0.009,0.003,0.0,0.023,0.0,0.0,0.009,0.019,0,0.0,0.0,0.0,0,0.008,0,0.003,0.006,0.001,0.004,0.001,0.024,0,0.014,0,0,0.008,0.0,0.002,0.0,0.0,0.0,0.0,0.0,0.0,0.0,0.0,0.0,0.0,0,0.028,0,0.008,0.076,0.003,0.0,0,0.0,0,0.012,0.006,0.0,0.0,0.0,0.007,0.0,0,0.01,0,0.004,0.0,0.002,0.0,0.0,0.0,0.0,0.022,0.009,0.016,0.0,0.0,0,0.0,0.0,0.001,0.146,0.024,0.024,0.006,0.015,0,0.005,0,0.011,0,0.008,0.018,0.0,0.015,0.008,0.0,0,0.0,0.0,0.048,0.003,0.0,0.01,0,0.0,0,0.007,0,0.006,0.0,0.007,0.002,0.0,0.0,0.0,0,0.01,0.0,0.016,0,0.004,0.0,0,0.003,0.004,0.013,0.0
90,0.024,0.01,0.019,0.0,0,0.024,0.024,0.019,0.017,0.068,0.017,0.0,0.037,0.016,0,0.01,0.005,0.007,0,0.017,0,0.026,0.009,0.016,0.016,0.012,0.024,0,0.005,0,0,0.015,0.024,0.013,0.044,0.054,0.035,0.112,0.058,0.0,0.0,0.014,0.0,0.129,0,0.0,0,0.018,0.013,0.037,0.016,0,0.016,0,0.023,0.022,0.0,0.019,0.022,0.021,0.057,0,0.021,0,0.024,0.089,0.049,0.031,0.008,0.01,0.06,0.0,0.009,0.033,0.02,0.014,0,0.013,0.0,0.028,0.062,0.049,0.027,0.051,0.05,0,0.022,0,0.065,0,1.0,0.13,0.016,0.154,0.044,0.015,0,0.0,0.0,0.032,0.023,0.049,0.02,0,0.023,0,0.028,0,0.012,0.043,0.028,0.019,0.013,0.022,0.082,0,0.048,0.0,0.0,0,0.021,0.02,0,0.017,0.029,0.031,0.035
91,0.009,0.0,0.011,0.0,0,0.024,0.025,0.09,0.015,0.121,0.028,0.0,0.0,0.035,0,0.002,0.005,0.0,0,0.024,0,0.014,0.013,0.034,0.024,0.031,0.0,0,0.024,0,0,0.0,0.0,0.032,0.0,0.016,0.008,0.016,0.0,0.0,0.006,0.009,0.011,0.0,0,0.111,0,0.042,0.036,0.073,0.062,0,0.033,0,0.05,0.042,0.018,0.012,0.054,0.056,0.066,0,0.036,0,0.053,0.096,0.093,0.015,0.008,0.0,0.0,0.0,0.036,0.049,0.0,0.011,0,0.021,0.023,0.034,0.104,0.073,0.031,0.089,0.044,0,0.087,0,0.087,0,0.183,1.0,0.009,0.177,0.083,0.038,0,0.0,0.0,0.016,0.077,0.261,0.082,0,0.136,0,0.133,0,0.094,0.152,0.098,0.105,0.07,0.022,0.295,0,0.033,0.08,0.0,0,0.06,0.041,0,0.008,0.035,0.057,0.0
92,0.058,0.045,0.048,0.025,0,0.036,0.054,0.044,0.158,0.023,0.028,0.017,0.065,0.036,0,0.116,0.088,0.048,0,0.025,0,0.065,0.022,0.053,0.041,0.019,0.049,0,0.029,0,0,0.046,0.024,0.071,0.058,0.032,0.035,0.021,0.029,0.047,0.273,0.245,0.043,0.032,0,0.0,0,0.018,0.022,0.017,0.023,0,0.0,0,0.035,0.035,0.018,0.025,0.043,0.038,0.03,0,0.04,0,0.034,0.041,0.038,0.046,0.073,0.051,0.075,0.022,0.0,0.033,0.0,0.011,0,0.033,0.047,0.05,0.021,0.073,0.015,0.006,0.032,0,0.017,0,0.033,0,0.042,0.018,1.0,0.062,0.036,0.06,0,0.135,0.079,0.032,0.048,0.033,0.02,0,0.068,0,0.007,0,0.006,0.011,0.02,0.021,0.022,0.056,0.0,0,0.043,0.049,0.0,0,0.022,0.02,0,0.049,0.044,0.036,0.018
93,0.012,0.01,0.015,0.0,0,0.019,0.031,0.028,0.023,0.053,0.022,0.017,0.0,0.032,0,0.01,0.005,0.007,0,0.012,0,0.014,0.013,0.017,0.018,0.014,0.073,0,0.019,0,0,0.008,0.008,0.029,0.004,0.005,0.008,0.005,0.0,0.0,0.006,0.016,0.0,0.032,0,0.111,0,0.02,0.031,0.014,0.07,0,0.033,0,0.032,0.034,0.018,0.019,0.016,0.021,0.019,0,0.043,0,0.031,0.041,0.04,0.0,0.0,0.0,0.03,0.0,0.009,0.033,0.0,0.014,0,0.042,0.093,0.043,0.062,0.098,0.02,0.051,0.044,0,0.044,0,0.087,0,0.167,0.136,0.025,1.0,0.047,0.053,0,0.0,0.0,0.048,0.027,0.041,0.071,0,0.091,0,0.049,0,0.047,0.043,0.04,0.04,0.028,0.056,0.016,0,0.043,0.037,0.032,0,0.049,0.02,0,0.005,0.017,0.024,0.0
94,0.041,0.066,0.046,0.025,0,0.039,0.07,0.157,0.054,0.205,0.017,0.011,0.065,0.149,0,0.035,0.008,0.0,0,0.071,0,0.031,0.046,0.051,0.057,0.115,0.134,0,0.115,0,0,0.031,0.024,0.064,0.022,0.032,0.023,0.016,0.029,0.0,0.019,0.045,0.011,0.097,0,0.139,0,0.161,0.098,0.071,0.078,0,0.049,0,0.117,0.098,0.158,0.043,0.13,0.177,0.093,0,0.074,0,0.085,0.151,0.075,0.0,0.008,0.0,0.015,0.0,0.081,0.065,0.02,0.0,0,0.046,0.326,0.053,0.021,0.0,0.062,0.222,0.065,0,0.148,0,0.272,0,0.142,0.189,0.044,0.138,1.0,0.075,0,0.0,0.0,0.159,0.22,0.155,0.184,0,0.159,0,0.315,0,0.135,0.413,0.152,0.143,0.136,0.034,0.262,0,0.114,0.031,0.032,0,0.168,0.122,0,0.023,0.076,0.083,0.0
95,0.01,0.014,0.009,0.008,0,0.023,0.015,0.037,0.012,0.023,0.011,0.0,0.019,0.047,0,0.02,0.014,0.021,0,0.014,0,0.012,0.009,0.025,0.018,0.042,0.024,0,0.024,0,0,0.023,0.024,0.042,0.0,0.016,0.005,0.016,0.0,0.047,0.012,0.027,0.022,0.0,0,0.0,0,0.016,0.004,0.028,0.178,0,0.098,0,0.028,0.041,0.07,0.031,0.038,0.045,0.017,0,0.316,0,0.031,0.041,0.045,0.031,0.016,0.01,0.0,0.043,0.018,0.024,0.0,0.0,0,0.013,0.023,0.038,0.021,0.098,0.01,0.025,0.021,0,0.069,0,0.043,0,0.017,0.03,0.025,0.054,0.026,1.0,0,0.0,0.053,0.0,0.025,0.033,0.153,0,0.114,0,0.049,0,0.035,0.033,0.059,0.052,0.035,0.101,0.016,0,0.014,0.148,0.127,0,0.041,0.0,0,0.008,0.02,0.026,0.0
96,0.0,0.0,0.0,0.0,0,0.001,0.0,0.001,0.0,0.0,0.0,0.0,0.0,0.0,0,0.0,0.0,0.0,0,0.0,0,0.0,0.0,0.0,0.0,0.0,0.0,0,0.0,0,0,0.0,0.0,0.0,0.0,0.0,0.0,0.0,0.0,0.0,0.0,0.0,0.0,0.0,0,0.0,0,0.0,0.0,0.0,0.008,0,0.0,0,0.0,0.001,0.0,0.0,0.0,0.0,0.0,0,0.005,0,0.0,0.007,0.002,0.0,0.0,0.0,0.0,0.0,0.0,0.0,0.0,0.0,0,0.0,0.0,0.0,0.0,0.0,0.0,0.0,0.0,0,0.0,0,0.0,0,0.0,0.0,0.0,0.0,0.0,0.008,0,0.0,0.0,0.0,0.0,0.004,0.0,0,0.0,0,0.0,0,0.0,0.0,0.0,0.0,0.0,0.0,0.0,0,0.0,0.0,0.0,0,0.0,0.0,0,0.0,0.001,0.0,0.0
97,0.007,0.0,0.001,0.0,0,0.003,0.0,0.004,0.008,0.0,0.0,0.0,0.0,0.001,0,0.005,0.003,0.0,0,0.001,0,0.026,0.001,0.008,0.013,0.0,0.0,0,0.0,0,0,0.008,0.0,0.003,0.004,0.0,0.0,0.0,0.0,0.0,0.596,0.038,0.0,0.0,0,0.0,0,0.0,0.0,0.0,0.0,0,0.0,0,0.003,0.004,0.0,0.0,0.0,0.0,0.0,0,0.002,0,0.006,0.0,0.002,0.0,0.0,0.0,0.0,0.0,0.0,0.0,0.0,0.0,0,0.0,0.0,0.001,0.0,0.0,0.003,0.0,0.0,0,0.0,0,0.0,0,0.0,0.0,0.041,0.0,0.0,0.0,0,1.0,0.0,0.0,0.003,0.0,0.0,0,0.0,0,0.0,0,0.0,0.0,0.004,0.0,0.0,0.0,0.0,0,0.0,0.0,0.0,0,0.0,0.0,0,0.002,0.002,0.0,0.0
98,0.012,0.01,0.023,0.0,0,0.005,0.003,0.003,0.021,0.0,0.006,0.006,0.046,0.014,0,0.04,0.068,0.075,0,0.002,0,0.014,0.003,0.003,0.004,0.0,0.012,0,0.0,0,0,0.008,0.008,0.003,0.004,0.005,0.01,0.0,0.0,0.0,0.019,0.014,0.011,0.0,0,0.0,0,0.0,0.0,0.003,0.016,0,0.0,0,0.0,0.008,0.0,0.0,0.005,0.007,0.004,0,0.007,0,0.003,0.0,0.0,0.077,0.129,0.112,0.015,0.0,0.0,0.008,0.0,0.007,0,0.0,0.0,0.024,0.0,0.0,0.003,0.0,0.003,0,0.002,0,0.0,0,0.0,0.0,0.009,0.0,0.0,0.015,0,0.0,1.0,0.0,0.002,0.004,0.01,0,0.0,0,0.0,0,0.0,0.0,0.001,0.0,0.0,0.022,0.0,0,0.005,0.012,0.0,0,0.004,0.0,0,0.029,0.007,0.0,0.0
99,0.014,0.01,0.01,0.017,0,0.01,0.004,0.007,0.004,0.477,0.0,0.0,0.028,0.016,0,0.005,0.005,0.0,0,0.017,0,0.007,0.02,0.007,0.008,0.022,0.012,0,0.01,0,0,0.008,0.008,0.0,0.004,0.005,0.008,0.011,0.014,0.0,0.0,0.0,0.0,0.032,0,0.0,0,0.05,0.04,0.006,0.0,0,0.0,0,0.03,0.009,0.035,0.006,0.005,0.017,0.004,0,0.014,0,0.021,0.021,0.028,0.015,0.008,0.0,0.0,0.0,0.027,0.016,0.0,0.004,0,0.0,0.0,0.006,0.0,0.0,0.016,0.0,0.035,0,0.003,0,0.0,0,0.017,0.006,0.006,0.023,0.026,0.0,0,0.0,0.0,1.0,0.015,0.008,0.0,0,0.0,0,0.007,0,0.0,0.0,0.001,0.0,0.003,0.0,0.0,0,0.019,0.0,0.0,0,0.016,0.0,0,0.012,0.012,0.02,0.0
100,0.042,0.084,0.066,0.067,0,0.069,0.096,0.335,0.129,0.167,0.083,0.017,0.037,0.158,0,0.091,0.038,0.034,0,0.077,0,0.073,0.04,0.124,0.079,0.121,0.11,0,0.12,0,0,0.046,0.024,0.086,0.022,0.049,0.018,0.011,0.0,0.0,0.043,0.11,0.011,0.032,0,0.278,0,0.153,0.129,0.198,0.093,0,0.115,0,0.146,0.119,0.105,0.056,0.649,0.188,0.136,0,0.071,0,0.147,0.178,0.148,0.077,0.024,0.02,0.015,0.0,0.009,0.081,0.0,0.007,0,0.058,0.279,0.1,0.104,0.049,0.052,0.171,0.059,0,0.153,0,0.25,0,0.117,0.272,0.092,0.123,0.343,0.113,0,0.021,0.026,0.143,1.0,0.269,0.214,0,0.341,0,0.203,0,0.146,0.457,0.148,0.133,0.177,0.202,0.459,0,0.1,0.105,0.032,0,0.177,0.204,0,0.024,0.104,0.152,0.035
101,0.012,0.042,0.027,0.025,0,0.032,0.031,0.183,0.058,0.061,0.028,0.0,0.028,0.055,0,0.03,0.014,0.007,0,0.02,0,0.017,0.013,0.051,0.036,0.037,0.012,0,0.043,0,0,0.008,0.008,0.058,0.004,0.032,0.005,0.027,0.0,0.047,0.012,0.056,0.011,0.032,0,0.083,0,0.032,0.022,0.062,0.085,0,0.131,0,0.05,0.056,0.105,0.037,0.168,0.108,0.104,0,0.038,0,0.072,0.13,0.115,0.046,0.016,0.01,0.0,0.0,0.027,0.041,0.0,0.004,0,0.013,0.0,0.047,0.0,0.0,0.024,0.044,0.018,0,0.086,0,0.043,0,0.1,0.379,0.025,0.077,0.099,0.06,0,0.0,0.026,0.032,0.11,1.0,0.306,0,0.432,0,0.154,0,0.076,0.261,0.112,0.088,0.098,0.045,0.066,0,0.029,0.117,0.016,0,0.091,0.02,0,0.011,0.051,0.07,0.018
102,0.007,0.017,0.007,0.008,0,0.013,0.013,0.07,0.044,0.015,0.0,0.0,0.019,0.051,0,0.018,0.005,0.0,0,0.011,0,0.012,0.006,0.018,0.014,0.028,0.037,0,0.01,0,0,0.0,0.0,0.045,0.0,0.016,0.0,0.0,0.0,0.0,0.006,0.034,0.011,0.0,0,0.0,0,0.004,0.004,0.017,0.078,0,0.066,0,0.032,0.036,0.035,0.031,0.038,0.097,0.025,0,0.059,0,0.024,0.027,0.045,0.015,0.0,0.0,0.0,0.0,0.0,0.033,0.0,0.0,0,0.0,0.023,0.018,0.021,0.073,0.007,0.019,0.009,0,0.069,0,0.022,0,0.017,0.047,0.006,0.054,0.047,0.113,0,0.0,0.026,0.0,0.035,0.122,1.0,0,0.114,0,0.063,0,0.064,0.011,0.048,0.052,0.028,0.09,0.049,0,0.019,0.074,0.111,0,0.055,0.0,0,0.002,0.014,0.028,0.0
103,0.0,0.0,0.001,0.0,0,0.001,0.003,0.007,0.006,0.0,0.0,0.0,0.0,0.001,0,0.0,0.0,0.0,0,0.001,0,0.001,0.0,0.001,0.001,0.001,0.0,0,0.0,0,0,0.0,0.0,0.005,0.0,0.0,0.0,0.0,0.0,0.0,0.006,0.005,0.0,0.0,0,0.0,0,0.0,0.0,0.0,0.0,0,0.0,0,0.0,0.001,0.0,0.0,0.005,0.0,0.002,0,0.0,0,0.002,0.0,0.0,0.0,0.0,0.0,0.0,0.0,0.0,0.0,0.0,0.0,0,0.0,0.0,0.004,0.0,0.0,0.0,0.0,0.0,0,0.003,0,0.0,0,0.0,0.006,0.006,0.0,0.0,0.0,0,0.0,0.0,0.0,0.003,0.0,0.01,0,0.0,0,0.0,0,0.0,0.0,0.001,0.002,0.0,0.0,0.0,0,0.0,0.006,0.0,0,0.001,0.0,0,0.0,0.001,0.0,0.0
104,0.001,0.003,0.004,0.0,0,0.006,0.004,0.028,0.01,0.023,0.006,0.0,0.0,0.02,0,0.005,0.0,0.0,0,0.002,0,0.001,0.0,0.007,0.006,0.007,0.024,0,0.005,0,0,0.0,0.0,0.015,0.0,0.0,0.003,0.0,0.0,0.0,0.0,0.014,0.0,0.0,0,0.0,0,0.002,0.0,0.011,0.047,0,0.0,0,0.004,0.013,0.018,0.006,0.049,0.007,0.019,0,0.021,0,0.018,0.041,0.036,0.0,0.0,0.0,0.0,0.0,0.0,0.008,0.0,0.0,0,0.013,0.0,0.019,0.0,0.0,0.0,0.0,0.003,0,0.008,0,0.0,0,0.008,0.036,0.009,0.031,0.018,0.038,0,0.0,0.0,0.0,0.025,0.078,0.051,0,1.0,0,0.007,0,0.0,0.0,0.009,0.007,0.013,0.011,0.0,0,0.0,0.043,0.016,0,0.011,0.0,0,0.0,0.008,0.016,0.0
105,0.0,0.0,0.001,0.0,0,0.002,0.0,0.001,0.002,0.0,0.0,0.0,0.009,0.006,0,0.002,0.003,0.0,0,0.002,0,0.001,0.003,0.001,0.001,0.001,0.0,0,0.0,0,0,0.0,0.008,0.001,0.009,0.005,0.003,0.0,0.0,0.0,0.0,0.002,0.0,0.0,0,0.0,0,0.0,0.004,0.003,0.008,0,0.0,0,0.004,0.002,0.0,0.0,0.0,0.003,0.0,0,0.005,0,0.0,0.0,0.0,0.015,0.008,0.01,0.0,0.0,0.0,0.008,0.0,0.0,0,0.0,0.0,0.0,0.0,0.024,0.0,0.0,0.0,0,0.006,0,0.011,0,0.0,0.0,0.006,0.0,0.0,0.015,0,0.0,0.0,0.0,0.0,0.0,0.01,0,0.0,0,0.007,0,0.0,0.0,0.005,0.007,0.003,0.011,0.0,0,0.0,0.006,0.016,0,0.004,0.0,0,0.002,0.001,0.001,0.0
106,0.008,0.0,0.006,0.0,0,0.014,0.013,0.047,0.002,0.045,0.0,0.0,0.019,0.066,0,0.005,0.003,0.0,0,0.041,0,0.008,0.013,0.02,0.02,0.086,0.024,0,0.043,0,0,0.008,0.008,0.018,0.004,0.0,0.008,0.0,0.0,0.0,0.0,0.004,0.0,0.0,0,0.333,0,0.04,0.036,0.023,0.008,0,0.0,0,0.063,0.039,0.07,0.025,0.038,0.083,0.021,0,0.036,0,0.025,0.027,0.02,0.015,0.0,0.0,0.0,0.0,0.0,0.024,0.0,0.0,0,0.004,0.023,0.014,0.021,0.098,0.012,0.044,0.018,0,0.192,0,0.043,0,0.033,0.112,0.003,0.054,0.117,0.053,0,0.0,0.0,0.016,0.048,0.09,0.092,0,0.023,0,1.0,0,0.404,0.239,0.144,0.171,0.076,0.022,0.23,0,0.01,0.025,0.127,0,0.095,0.0,0,0.002,0.017,0.018,0.0
107,0.0,0.0,0.0,0.0,0,0.0,0.001,0.001,0.0,0.0,0.0,0.0,0.0,0.001,0,0.0,0.0,0.0,0,0.0,0,0.001,0.0,0.0,0.0,0.001,0.0,0,0.0,0,0,0.0,0.0,0.001,0.0,0.0,0.0,0.0,0.0,0.0,0.0,0.0,0.0,0.0,0,0.0,0,0.0,0.0,0.0,0.0,0,0.0,0,0.0,0.001,0.0,0.0,0.0,0.003,0.0,0,0.0,0,0.0,0.0,0.0,0.0,0.0,0.0,0.0,0.0,0.0,0.0,0.0,0.0,0,0.0,0.0,0.0,0.0,0.0,0.0,0.0,0.0,0,0.003,0,0.0,0,0.0,0.0,0.0,0.0,0.0,0.0,0,0.0,0.0,0.0,0.0,0.004,0.01,0,0.0,0,0.0,0,0.0,0.0,0.001,0.002,0.0,0.0,0.0,0,0.0,0.0,0.016,0,0.002,0.0,0,0.0,0.0,0.0,0.0
108,0.009,0.01,0.004,0.008,0,0.008,0.018,0.046,0.004,0.015,0.0,0.0,0.019,0.073,0,0.003,0.003,0.0,0,0.058,0,0.009,0.018,0.029,0.029,0.118,0.024,0,0.072,0,0,0.0,0.0,0.018,0.0,0.0,0.003,0.0,0.014,0.0,0.0,0.004,0.0,0.0,0,0.583,0,0.046,0.049,0.008,0.0,0,0.0,0,0.054,0.037,0.053,0.025,0.016,0.066,0.011,0,0.04,0,0.02,0.007,0.01,0.015,0.0,0.0,0.0,0.0,0.0,0.008,0.02,0.0,0,0.013,0.023,0.008,0.021,0.122,0.009,0.044,0.009,0,0.265,0,0.043,0,0.017,0.095,0.003,0.062,0.06,0.045,0,0.0,0.0,0.0,0.042,0.053,0.112,0,0.0,0,0.483,0,1.0,0.098,0.183,0.278,0.101,0.034,0.18,0,0.01,0.025,0.111,0,0.112,0.0,0,0.003,0.014,0.016,0.0
109,0.003,0.003,0.004,0.0,0,0.005,0.019,0.053,0.002,0.061,0.006,0.0,0.0,0.043,0,0.002,0.0,0.0,0,0.008,0,0.005,0.005,0.019,0.014,0.012,0.0,0,0.014,0,0,0.0,0.0,0.008,0.0,0.0,0.0,0.005,0.0,0.0,0.0,0.002,0.0,0.0,0,0.028,0,0.012,0.004,0.017,0.0,0,0.0,0,0.018,0.022,0.035,0.006,0.081,0.056,0.021,0,0.019,0,0.015,0.027,0.018,0.0,0.0,0.0,0.0,0.0,0.0,0.008,0.0,0.0,0,0.004,0.047,0.004,0.0,0.0,0.009,0.019,0.018,0,0.053,0,0.022,0,0.033,0.083,0.003,0.031,0.099,0.023,0,0.0,0.0,0.0,0.07,0.098,0.01,0,0.0,0,0.154,0,0.053,1.0,0.054,0.05,0.098,0.0,0.18,0,0.014,0.0,0.016,0,0.071,0.0,0,0.002,0.01,0.014,0.0
110,0.064,0.08,0.041,0.034,0,0.068,0.102,0.191,0.054,0.152,0.067,0.039,0.056,0.201,0,0.055,0.022,0.0,0,0.162,0,0.047,0.071,0.121,0.109,0.229,0.183,0,0.125,0,0,0.107,0.112,0.119,0.075,0.103,0.045,0.032,0.029,0.093,0.037,0.083,0.076,0.032,0,0.778,0,0.133,0.142,0.138,0.109,0,0.049,0,0.202,0.157,0.211,0.099,0.119,0.247,0.138,0,0.209,0,0.139,0.144,0.123,0.046,0.008,0.01,0.0,0.022,0.018,0.081,0.02,0.033,0,0.075,0.14,0.117,0.104,0.244,0.052,0.108,0.068,0,0.613,0,0.174,0,0.175,0.432,0.047,0.231,0.294,0.331,0,0.031,0.026,0.016,0.183,0.339,0.367,0,0.159,0,0.748,0,0.795,0.435,1.0,0.824,0.335,0.124,0.492,0,0.086,0.117,0.444,0,0.325,0.0,0,0.04,0.094,0.127,0.0
111,0.02,0.024,0.012,0.017,0,0.025,0.051,0.101,0.012,0.053,0.028,0.0,0.028,0.134,0,0.018,0.003,0.0,0,0.105,0,0.03,0.031,0.078,0.064,0.172,0.061,0,0.048,0,0,0.015,0.032,0.06,0.018,0.027,0.01,0.011,0.014,0.0,0.006,0.023,0.011,0.0,0,0.694,0,0.074,0.098,0.042,0.047,0,0.0,0,0.108,0.081,0.14,0.049,0.049,0.142,0.053,0,0.116,0,0.062,0.027,0.043,0.015,0.0,0.0,0.0,0.0,0.0,0.057,0.0,0.014,0,0.054,0.0,0.039,0.042,0.22,0.016,0.076,0.012,0,0.46,0,0.098,0,0.067,0.26,0.028,0.131,0.156,0.165,0,0.0,0.0,0.0,0.093,0.151,0.224,0,0.068,0,0.503,0,0.684,0.228,0.466,1.0,0.228,0.09,0.279,0,0.057,0.068,0.381,0,0.221,0.0,0,0.012,0.036,0.045,0.0
112,0.02,0.031,0.02,0.008,0,0.032,0.028,0.076,0.035,0.061,0.089,0.011,0.028,0.078,0,0.017,0.008,0.014,0,0.073,0,0.025,0.04,0.042,0.038,0.074,0.012,0,0.058,0,0,0.099,0.072,0.075,0.049,0.054,0.03,0.011,0.0,0.349,0.025,0.016,0.13,0.0,0,0.167,0,0.058,0.084,0.099,0.062,0,0.033,0,0.058,0.054,0.053,0.019,0.114,0.08,0.097,0,0.057,0,0.066,0.048,0.057,0.031,0.008,0.0,0.0,0.022,0.018,0.024,0.041,0.014,0,0.046,0.023,0.02,0.021,0.073,0.019,0.095,0.021,0,0.148,0,0.087,0,0.033,0.13,0.022,0.069,0.112,0.083,0,0.0,0.0,0.016,0.093,0.127,0.092,0,0.091,0,0.168,0,0.187,0.337,0.142,0.171,1.0,0.146,0.377,0,0.052,0.086,0.063,0,0.093,0.0,0,0.021,0.072,0.073,0.0
113,0.008,0.007,0.019,0.0,0,0.015,0.007,0.025,0.031,0.0,0.011,0.011,0.056,0.031,0,0.037,0.047,0.068,0,0.017,0,0.008,0.012,0.011,0.011,0.025,0.012,0,0.019,0,0,0.015,0.024,0.079,0.013,0.065,0.028,0.021,0.0,0.047,0.006,0.014,0.033,0.0,0,0.0,0,0.006,0.009,0.014,0.132,0,0.164,0,0.024,0.024,0.018,0.031,0.027,0.021,0.025,0,0.038,0,0.031,0.014,0.022,0.092,0.04,0.041,0.0,0.0,0.027,0.0,0.0,0.007,0,0.004,0.0,0.019,0.0,0.049,0.002,0.063,0.006,0,0.014,0,0.098,0,0.017,0.012,0.016,0.038,0.008,0.068,0,0.0,0.053,0.0,0.03,0.016,0.082,0,0.023,0,0.014,0,0.018,0.0,0.015,0.019,0.041,1.0,0.164,0,0.019,0.216,0.016,0,0.01,0.0,0,0.035,0.025,0.026,0.018
114,0.004,0.003,0.005,0.008,0,0.011,0.012,0.027,0.002,0.053,0.017,0.0,0.009,0.025,0,0.003,0.0,0.0,0,0.011,0,0.005,0.003,0.008,0.009,0.019,0.0,0,0.024,0,0,0.0,0.0,0.012,0.009,0.0,0.0,0.0,0.0,0.0,0.0,0.0,0.0,0.0,0,0.0,0,0.012,0.004,0.025,0.039,0,0.033,0,0.028,0.011,0.0,0.0,0.027,0.021,0.017,0,0.007,0,0.024,0.034,0.016,0.031,0.0,0.0,0.0,0.0,0.0,0.008,0.0,0.0,0,0.004,0.0,0.001,0.0,0.049,0.019,0.127,0.018,0,0.031,0,0.185,0,0.042,0.107,0.0,0.008,0.042,0.008,0,0.0,0.0,0.0,0.047,0.016,0.031,0,0.0,0,0.098,0,0.064,0.12,0.04,0.04,0.073,0.112,1.0,0,0.0,0.0,0.032,0,0.021,0.041,0,0.003,0.011,0.021,0.0
115,0.001,0.0,0.0,0.0,0,0.001,0.0,0.0,0.0,0.008,0.0,0.0,0.0,0.0,0,0.0,0.0,0.0,0,0.0,0,0.001,0.001,0.001,0.0,0.0,0.0,0,0.0,0,0,0.0,0.0,0.0,0.0,0.0,0.0,0.0,0.0,0.0,0.0,0.0,0.0,0.0,0,0.0,0,0.002,0.0,0.0,0.0,0,0.0,0,0.001,0.001,0.0,0.0,0.0,0.0,0.0,0,0.0,0,0.001,0.0,0.002,0.0,0.0,0.0,0.0,0.0,0.0,0.008,0.0,0.0,0,0.0,0.0,0.0,0.0,0.0,0.001,0.0,0.003,0,0.0,0,0.0,0,0.0,0.0,0.0,0.0,0.0,0.0,0,0.0,0.0,0.016,0.0,0.0,0.0,0,0.0,0,0.0,0,0.0,0.0,0.0,0.0,0.0,0.0,0.0,0,0.0,0.0,0.0,0,0.001,0.0,0,0.0,0.0,0.001,0.0
116,0.021,0.024,0.03,0.076,0,0.067,0.034,0.035,0.029,0.038,0.044,0.006,0.065,0.059,0,0.012,0.027,0.021,0,0.053,0,0.031,0.026,0.036,0.027,0.042,0.037,0,0.043,0,0,0.038,0.04,0.037,0.035,0.092,0.053,0.112,0.145,0.0,0.006,0.016,0.0,0.161,0,0.028,0,0.083,0.08,0.045,0.016,0,0.0,0,0.069,0.045,0.105,0.043,0.022,0.059,0.059,0,0.059,0,0.036,0.075,0.113,0.031,0.008,0.0,0.015,0.0,0.0,0.016,0.02,0.022,0,0.021,0.07,0.024,0.104,0.049,0.048,0.025,0.059,0,0.033,0,0.065,0,0.083,0.041,0.028,0.069,0.062,0.023,0,0.0,0.026,0.063,0.035,0.024,0.041,0,0.0,0,0.014,0,0.012,0.033,0.024,0.029,0.035,0.045,0.0,0,1.0,0.012,0.016,0,0.044,0.02,0,0.032,0.051,0.093,0.07
117,0.014,0.01,0.026,0.008,0,0.029,0.016,0.057,0.058,0.008,0.006,0.006,0.111,0.053,0,0.052,0.066,0.082,0,0.014,0,0.011,0.012,0.032,0.022,0.031,0.012,0,0.005,0,0,0.015,0.016,0.139,0.004,0.043,0.02,0.011,0.0,0.023,0.006,0.043,0.011,0.0,0,0.028,0,0.016,0.018,0.02,0.295,0,0.279,0,0.024,0.049,0.018,0.031,0.027,0.028,0.066,0,0.093,0,0.035,0.041,0.077,0.138,0.089,0.092,0.0,0.0,0.0,0.033,0.0,0.004,0,0.017,0.0,0.055,0.0,0.073,0.002,0.0,0.003,0,0.039,0,0.0,0,0.0,0.077,0.025,0.046,0.013,0.18,0,0.0,0.053,0.0,0.028,0.078,0.122,0,0.159,0,0.028,0,0.023,0.0,0.026,0.026,0.044,0.393,0.0,0,0.01,1.0,0.111,0,0.026,0.0,0,0.032,0.044,0.041,0.018
118,0.001,0.003,0.0,0.0,0,0.006,0.006,0.012,0.002,0.0,0.0,0.0,0.0,0.033,0,0.002,0.0,0.0,0,0.007,0,0.004,0.001,0.01,0.011,0.049,0.024,0,0.014,0,0,0.0,0.0,0.012,0.0,0.0,0.0,0.0,0.0,0.023,0.0,0.0,0.0,0.0,0,0.028,0,0.016,0.031,0.0,0.039,0,0.0,0,0.026,0.021,0.035,0.006,0.0,0.021,0.004,0,0.036,0,0.008,0.0,0.004,0.015,0.0,0.0,0.0,0.0,0.0,0.024,0.0,0.0,0,0.0,0.047,0.005,0.021,0.293,0.001,0.013,0.0,0,0.075,0,0.011,0,0.0,0.0,0.0,0.015,0.005,0.06,0,0.0,0.0,0.0,0.003,0.004,0.071,0,0.023,0,0.056,0,0.041,0.011,0.038,0.057,0.013,0.011,0.033,0,0.005,0.043,1.0,0,0.039,0.0,0,0.0,0.004,0.004,0.0
119,0.005,0.007,0.007,0.0,0,0.003,0.004,0.01,0.031,0.0,0.0,0.0,0.0,0.013,0,0.017,0.008,0.014,0,0.003,0,0.005,0.001,0.003,0.003,0.003,0.0,0,0.0,0,0,0.008,0.008,0.016,0.0,0.0,0.003,0.0,0.0,0.0,0.006,0.02,0.0,0.0,0,0.0,0,0.0,0.0,0.003,0.054,0,0.049,0,0.003,0.008,0.0,0.0,0.0,0.0,0.002,0,0.002,0,0.006,0.0,0.008,0.015,0.008,0.0,0.0,0.022,0.009,0.0,0.0,0.0,0,0.0,0.0,0.013,0.0,0.0,0.0,0.006,0.0,0,0.0,0,0.0,0,0.0,0.0,0.0,0.008,0.01,0.008,0,0.0,0.026,0.0,0.01,0.008,0.031,0,0.045,0,0.0,0,0.0,0.0,0.001,0.0,0.003,0.0,0.0,0,0.0,0.031,0.0,0,0.007,0.0,0,0.002,0.004,0.005,0.0
120,0.11,0.233,0.118,0.076,0,0.138,0.226,0.309,0.118,0.273,0.067,0.022,0.102,0.388,0,0.076,0.047,0.055,0,0.175,0,0.104,0.113,0.173,0.153,0.319,0.537,0,0.404,0,0,0.038,0.04,0.161,0.035,0.086,0.058,0.053,0.058,0.233,0.05,0.104,0.12,0.226,0,0.611,0,0.368,0.178,0.172,0.264,0,0.197,0,0.314,0.278,0.386,0.198,0.33,0.458,0.199,0,0.247,0,0.193,0.212,0.229,0.123,0.024,0.02,0.06,0.043,0.126,0.163,0.041,0.047,0,0.058,0.767,0.14,0.229,0.61,0.136,0.304,0.224,0,0.811,0,0.25,0,0.2,0.402,0.079,0.423,0.496,0.353,0,0.0,0.132,0.286,0.334,0.42,0.633,0,0.273,0,0.755,0,0.743,0.88,0.496,0.596,0.332,0.124,0.393,0,0.238,0.179,0.698,0,1.0,0.041,0,0.052,0.162,0.193,0.053
121,0.005,0.007,0.007,0.008,0,0.003,0.013,0.022,0.0,0.0,0.0,0.0,0.009,0.003,0,0.002,0.0,0.0,0,0.002,0,0.004,0.005,0.011,0.006,0.0,0.0,0,0.014,0,0,0.0,0.0,0.0,0.0,0.0,0.0,0.0,0.0,0.0,0.0,0.0,0.0,0.0,0,0.0,0,0.002,0.0,0.0,0.0,0,0.0,0,0.015,0.002,0.0,0.0,0.011,0.01,0.011,0,0.0,0,0.022,0.0,0.002,0.0,0.0,0.0,0.0,0.0,0.0,0.0,0.0,0.007,0,0.004,0.0,0.001,0.062,0.024,0.004,0.025,0.015,0,0.003,0,0.054,0,0.008,0.012,0.003,0.008,0.016,0.0,0,0.0,0.0,0.0,0.017,0.004,0.0,0,0.0,0,0.0,0,0.0,0.0,0.0,0.0,0.0,0.0,0.033,0,0.005,0.0,0.0,0,0.002,1.0,0,0.002,0.006,0.005,0.0
122,0.004,0.003,0.004,0.008,0,0.004,0.004,0.001,0.01,0.0,0.011,0.011,0.0,0.0,0,0.008,0.008,0.007,0,0.005,0,0.004,0.005,0.0,0.002,0.007,0.0,0,0.005,0,0,0.046,0.056,0.009,0.013,0.011,0.01,0.0,0.014,0.023,0.0,0.005,0.022,0.0,0,0.0,0,0.002,0.004,0.006,0.0,0,0.0,0,0.001,0.002,0.0,0.006,0.005,0.0,0.004,0,0.007,0,0.001,0.0,0.0,0.0,0.0,0.0,0.0,0.022,0.027,0.0,0.0,0.0,0,0.004,0.0,0.003,0.0,0.0,0.0,0.006,0.0,0,0.002,0,0.0,0,0.008,0.0,0.003,0.0,0.0,0.008,0,0.0,0.0,0.0,0.0,0.0,0.0,0,0.0,0,0.0,0,0.0,0.0,0.001,0.002,0.003,0.0,0.0,0,0.005,0.0,0.0,0,0.001,0.0,0,0.014,0.004,0.004,0.0
123,0.143,0.087,0.225,0.143,0,0.092,0.117,0.052,0.305,0.083,0.144,0.177,0.37,0.086,0,0.492,0.584,0.712,0,0.084,0,0.132,0.146,0.077,0.08,0.076,0.037,0,0.058,0,0,0.275,0.368,0.154,0.186,0.395,0.348,0.09,0.072,0.186,0.099,0.198,0.207,0.065,0,0.028,0,0.062,0.076,0.09,0.085,0,0.066,0,0.047,0.086,0.035,0.074,0.054,0.024,0.059,0,0.074,0,0.049,0.034,0.057,0.6,0.581,0.582,0.06,0.283,0.252,0.146,0.286,0.091,0,0.058,0.0,0.207,0.062,0.024,0.058,0.127,0.062,0,0.034,0,0.043,0,0.092,0.03,0.101,0.023,0.039,0.038,0,0.01,0.5,0.127,0.027,0.029,0.01,0,0.0,0,0.007,0,0.012,0.011,0.035,0.019,0.044,0.258,0.033,0,0.1,0.13,0.0,0,0.03,0.02,0,1.0,0.118,0.07,0.123
124,0.193,0.171,0.27,0.37,0,0.303,0.199,0.335,0.361,0.341,0.511,0.083,0.278,0.292,0,0.314,0.378,0.411,0,0.321,0,0.241,0.197,0.229,0.2,0.24,0.061,0,0.192,0,0,0.42,0.336,0.446,0.482,0.519,0.222,0.176,0.246,0.721,0.13,0.237,0.5,0.226,0,0.278,0,0.358,0.373,0.605,0.481,0,0.574,0,0.273,0.297,0.211,0.154,0.297,0.573,0.773,0,0.261,0,0.339,0.596,0.536,0.462,0.468,0.5,0.134,0.174,0.198,0.211,0.0,0.047,0,0.171,0.302,0.216,0.167,0.122,0.165,0.209,0.215,0,0.19,0,0.25,0,0.408,0.349,0.231,0.223,0.332,0.256,0,0.031,0.289,0.317,0.291,0.351,0.235,0,0.318,0,0.196,0,0.135,0.174,0.212,0.145,0.383,0.472,0.311,0,0.41,0.451,0.095,0,0.24,0.204,0,0.299,1.0,0.514,0.281
125,0.077,0.125,0.117,0.454,0,0.207,0.18,0.188,0.11,0.227,0.25,0.066,0.139,0.142,0,0.079,0.066,0.041,0,0.149,0,0.098,0.096,0.115,0.1,0.133,0.085,0,0.13,0,0,0.206,0.176,0.215,0.186,0.222,0.101,0.09,0.232,0.116,0.019,0.061,0.109,0.065,0,0.167,0,0.256,0.253,0.331,0.233,0,0.262,0,0.2,0.161,0.105,0.105,0.189,0.194,0.286,0,0.173,0,0.318,0.514,0.478,0.077,0.081,0.061,0.104,0.043,0.027,0.154,0.041,0.047,0,0.104,0.116,0.125,0.146,0.0,0.117,0.108,0.182,0,0.111,0,0.217,0,0.208,0.266,0.092,0.146,0.171,0.158,0,0.0,0.0,0.254,0.201,0.229,0.224,0,0.295,0,0.098,0,0.076,0.12,0.136,0.086,0.184,0.236,0.279,0,0.352,0.204,0.048,0,0.136,0.082,0,0.085,0.244,1.0,0.246
126,0.004,0.014,0.013,0.185,0,0.011,0.015,0.006,0.012,0.008,0.006,0.017,0.019,0.002,0,0.007,0.011,0.014,0,0.004,0,0.015,0.001,0.007,0.006,0.0,0.0,0,0.0,0,0,0.023,0.032,0.008,0.035,0.032,0.01,0.011,0.13,0.0,0.0,0.002,0.011,0.032,0,0.0,0,0.004,0.0,0.014,0.0,0,0.0,0,0.0,0.002,0.0,0.0,0.0,0.0,0.002,0,0.002,0,0.002,0.007,0.002,0.031,0.016,0.02,0.015,0.0,0.0,0.0,0.02,0.004,0,0.004,0.0,0.006,0.0,0.0,0.006,0.006,0.003,0,0.0,0,0.011,0,0.017,0.0,0.003,0.0,0.0,0.0,0,0.0,0.0,0.0,0.003,0.004,0.0,0,0.0,0,0.0,0,0.0,0.0,0.0,0.0,0.0,0.011,0.0,0,0.019,0.006,0.0,0,0.003,0.0,0,0.011,0.01,0.018,1.0
